id,name,is_default,location_area
1,bulbasaur,True,https://pokeapi.co/api/v2/pokemon/1/encounters
2,ivysaur,True,https://pokeapi.co/api/v2/pokemon/2/encounters
3,venusaur,True,https://pokeapi.co/api/v2/pokemon/3/encounters
4,charmander,True,https://pokeapi.co/api/v2/pokemon/4/encounters
5,charmeleon,True,https://pokeapi.co/api/v2/pokemon/5/encounters
6,charizard,True,https://pokeapi.co/api/v2/pokemon/6/encounters
7,squirtle,True,https://pokeapi.co/api/v2/pokemon/7/encounters
8,wartortle,True,https://pokeapi.co/api/v2/pokemon/8/encounters
9,blastoise,True,https://pokeapi.co/api/v2/pokemon/9/encounters
10,caterpie,True,https://pokeapi.co/api/v2/pokemon/10/encounters
11,metapod,True,https://pokeapi.co/api/v2/pokemon/11/encounters
12,butterfree,True,https://pokeapi.co/api/v2/pokemon/12/encounters
13,weedle,True,https://pokeapi.co/api/v2/pokemon/13/encounters
14,kakuna,True,https://pokeapi.co/api/v2/pokemon/14/encounters
15,beedrill,True,https://pokeapi.co/api/v2/pokemon/15/encounters
16,pidgey,True,https://pokeapi.co/api/v2/pokemon/16/encounters
17,pidgeotto,True,https://pokeapi.co/api/v2/pokemon/17/encounters
18,pidgeot,True,https://pokeapi.co/api/v2/pokemon/18/encounters
19,rattata,True,https://pokeapi.co/api/v2/pokemon/19/encounters
20,raticate,True,https://pokeapi.co/api/v2/pokemon/20/encounters
21,spearow,True,https://pokeapi.co/api/v2/pokemon/21/encounters
22,fearow,True,https://pokeapi.co/api/v2/pokemon/22/encounters
23,ekans,True,https://pokeapi.co/api/v2/pokemon/23/encounters
24,arbok,True,https://pokeapi.co/api/v2/pokemon/24/encounters
25,pikachu,True,https://pokeapi.co/api/v2/pokemon/25/encounters
26,raichu,True,https://pokeapi.co/api/v2/pokemon/26/encounters
27,sandshrew,True,https://pokeapi.co/api/v2/pokemon/27/encounters
28,sandslash,True,https://pokeapi.co/api/v2/pokemon/28/encounters
29,nidoran-f,True,https://pokeapi.co/api/v2/pokemon/29/encounters
30,nidorina,True,https://pokeapi.co/api/v2/pokemon/30/encounters
31,nidoqueen,True,https://pokeapi.co/api/v2/pokemon/31/encounters
32,nidoran-m,True,https://pokeapi.co/api/v2/pokemon/32/encounters
33,nidorino,True,https://pokeapi.co/api/v2/pokemon/33/encounters
34,nidoking,True,https://pokeapi.co/api/v2/pokemon/34/encounters
35,clefairy,True,https://pokeapi.co/api/v2/pokemon/35/encounters
36,clefable,True,https://pokeapi.co/api/v2/pokemon/36/encounters
37,vulpix,True,https://pokeapi.co/api/v2/pokemon/37/encounters
38,ninetales,True,https://pokeapi.co/api/v2/pokemon/38/encounters
39,jigglypuff,True,https://pokeapi.co/api/v2/pokemon/39/encounters
40,wigglytuff,True,https://pokeapi.co/api/v2/pokemon/40/encounters
41,zubat,True,https://pokeapi.co/api/v2/pokemon/41/encounters
42,golbat,True,https://pokeapi.co/api/v2/pokemon/42/encounters
43,oddish,True,https://pokeapi.co/api/v2/pokemon/43/encounters
44,gloom,True,https://pokeapi.co/api/v2/pokemon/44/encounters
45,vileplume,True,https://pokeapi.co/api/v2/pokemon/45/encounters
46,paras,True,https://pokeapi.co/api/v2/pokemon/46/encounters
47,parasect,True,https://pokeapi.co/api/v2/pokemon/47/encounters
48,venonat,True,https://pokeapi.co/api/v2/pokemon/48/encounters
49,venomoth,True,https://pokeapi.co/api/v2/pokemon/49/encounters
50,diglett,True,https://pokeapi.co/api/v2/pokemon/50/encounters
51,dugtrio,True,https://pokeapi.co/api/v2/pokemon/51/encounters
52,meowth,True,https://pokeapi.co/api/v2/pokemon/52/encounters
53,persian,True,https://pokeapi.co/api/v2/pokemon/53/encounters
54,psyduck,True,https://pokeapi.co/api/v2/pokemon/54/encounters
55,golduck,True,https://pokeapi.co/api/v2/pokemon/55/encounters
56,mankey,True,https://pokeapi.co/api/v2/pokemon/56/encounters
57,primeape,True,https://pokeapi.co/api/v2/pokemon/57/encounters
58,growlithe,True,https://pokeapi.co/api/v2/pokemon/58/encounters
59,arcanine,True,https://pokeapi.co/api/v2/pokemon/59/encounters
60,poliwag,True,https://pokeapi.co/api/v2/pokemon/60/encounters
61,poliwhirl,True,https://pokeapi.co/api/v2/pokemon/61/encounters
62,poliwrath,True,https://pokeapi.co/api/v2/pokemon/62/encounters
63,abra,True,https://pokeapi.co/api/v2/pokemon/63/encounters
64,kadabra,True,https://pokeapi.co/api/v2/pokemon/64/encounters
65,alakazam,True,https://pokeapi.co/api/v2/pokemon/65/encounters
66,machop,True,https://pokeapi.co/api/v2/pokemon/66/encounters
67,machoke,True,https://pokeapi.co/api/v2/pokemon/67/encounters
68,machamp,True,https://pokeapi.co/api/v2/pokemon/68/encounters
69,bellsprout,True,https://pokeapi.co/api/v2/pokemon/69/encounters
70,weepinbell,True,https://pokeapi.co/api/v2/pokemon/70/encounters
71,victreebel,True,https://pokeapi.co/api/v2/pokemon/71/encounters
72,tentacool,True,https://pokeapi.co/api/v2/pokemon/72/encounters
73,tentacruel,True,https://pokeapi.co/api/v2/pokemon/73/encounters
74,geodude,True,https://pokeapi.co/api/v2/pokemon/74/encounters
75,graveler,True,https://pokeapi.co/api/v2/pokemon/75/encounters
76,golem,True,https://pokeapi.co/api/v2/pokemon/76/encounters
77,ponyta,True,https://pokeapi.co/api/v2/pokemon/77/encounters
78,rapidash,True,https://pokeapi.co/api/v2/pokemon/78/encounters
79,slowpoke,True,https://pokeapi.co/api/v2/pokemon/79/encounters
80,slowbro,True,https://pokeapi.co/api/v2/pokemon/80/encounters
81,magnemite,True,https://pokeapi.co/api/v2/pokemon/81/encounters
82,magneton,True,https://pokeapi.co/api/v2/pokemon/82/encounters
83,farfetchd,True,https://pokeapi.co/api/v2/pokemon/83/encounters
84,doduo,True,https://pokeapi.co/api/v2/pokemon/84/encounters
85,dodrio,True,https://pokeapi.co/api/v2/pokemon/85/encounters
86,seel,True,https://pokeapi.co/api/v2/pokemon/86/encounters
87,dewgong,True,https://pokeapi.co/api/v2/pokemon/87/encounters
88,grimer,True,https://pokeapi.co/api/v2/pokemon/88/encounters
89,muk,True,https://pokeapi.co/api/v2/pokemon/89/encounters
90,shellder,True,https://pokeapi.co/api/v2/pokemon/90/encounters
91,cloyster,True,https://pokeapi.co/api/v2/pokemon/91/encounters
92,gastly,True,https://pokeapi.co/api/v2/pokemon/92/encounters
93,haunter,True,https://pokeapi.co/api/v2/pokemon/93/encounters
94,gengar,True,https://pokeapi.co/api/v2/pokemon/94/encounters
95,onix,True,https://pokeapi.co/api/v2/pokemon/95/encounters
96,drowzee,True,https://pokeapi.co/api/v2/pokemon/96/encounters
97,hypno,True,https://pokeapi.co/api/v2/pokemon/97/encounters
98,krabby,True,https://pokeapi.co/api/v2/pokemon/98/encounters
99,kingler,True,https://pokeapi.co/api/v2/pokemon/99/encounters
100,voltorb,True,https://pokeapi.co/api/v2/pokemon/100/encounters
101,electrode,True,https://pokeapi.co/api/v2/pokemon/101/encounters
102,exeggcute,True,https://pokeapi.co/api/v2/pokemon/102/encounters
103,exeggutor,True,https://pokeapi.co/api/v2/pokemon/103/encounters
104,cubone,True,https://pokeapi.co/api/v2/pokemon/104/encounters
105,marowak,True,https://pokeapi.co/api/v2/pokemon/105/encounters
106,hitmonlee,True,https://pokeapi.co/api/v2/pokemon/106/encounters
107,hitmonchan,True,https://pokeapi.co/api/v2/pokemon/107/encounters
108,lickitung,True,https://pokeapi.co/api/v2/pokemon/108/encounters
109,koffing,True,https://pokeapi.co/api/v2/pokemon/109/encounters
110,weezing,True,https://pokeapi.co/api/v2/pokemon/110/encounters
111,rhyhorn,True,https://pokeapi.co/api/v2/pokemon/111/encounters
112,rhydon,True,https://pokeapi.co/api/v2/pokemon/112/encounters
113,chansey,True,https://pokeapi.co/api/v2/pokemon/113/encounters
114,tangela,True,https://pokeapi.co/api/v2/pokemon/114/encounters
115,kangaskhan,True,https://pokeapi.co/api/v2/pokemon/115/encounters
116,horsea,True,https://pokeapi.co/api/v2/pokemon/116/encounters
117,seadra,True,https://pokeapi.co/api/v2/pokemon/117/encounters
118,goldeen,True,https://pokeapi.co/api/v2/pokemon/118/encounters
119,seaking,True,https://pokeapi.co/api/v2/pokemon/119/encounters
120,staryu,True,https://pokeapi.co/api/v2/pokemon/120/encounters
121,starmie,True,https://pokeapi.co/api/v2/pokemon/121/encounters
122,mr-mime,True,https://pokeapi.co/api/v2/pokemon/122/encounters
123,scyther,True,https://pokeapi.co/api/v2/pokemon/123/encounters
124,jynx,True,https://pokeapi.co/api/v2/pokemon/124/encounters
125,electabuzz,True,https://pokeapi.co/api/v2/pokemon/125/encounters
126,magmar,True,https://pokeapi.co/api/v2/pokemon/126/encounters
127,pinsir,True,https://pokeapi.co/api/v2/pokemon/127/encounters
128,tauros,True,https://pokeapi.co/api/v2/pokemon/128/encounters
129,magikarp,True,https://pokeapi.co/api/v2/pokemon/129/encounters
130,gyarados,True,https://pokeapi.co/api/v2/pokemon/130/encounters
131,lapras,True,https://pokeapi.co/api/v2/pokemon/131/encounters
132,ditto,True,https://pokeapi.co/api/v2/pokemon/132/encounters
133,eevee,True,https://pokeapi.co/api/v2/pokemon/133/encounters
134,vaporeon,True,https://pokeapi.co/api/v2/pokemon/134/encounters
135,jolteon,True,https://pokeapi.co/api/v2/pokemon/135/encounters
136,flareon,True,https://pokeapi.co/api/v2/pokemon/136/encounters
137,porygon,True,https://pokeapi.co/api/v2/pokemon/137/encounters
138,omanyte,True,https://pokeapi.co/api/v2/pokemon/138/encounters
139,omastar,True,https://pokeapi.co/api/v2/pokemon/139/encounters
140,kabuto,True,https://pokeapi.co/api/v2/pokemon/140/encounters
141,kabutops,True,https://pokeapi.co/api/v2/pokemon/141/encounters
142,aerodactyl,True,https://pokeapi.co/api/v2/pokemon/142/encounters
143,snorlax,True,https://pokeapi.co/api/v2/pokemon/143/encounters
144,articuno,True,https://pokeapi.co/api/v2/pokemon/144/encounters
145,zapdos,True,https://pokeapi.co/api/v2/pokemon/145/encounters
146,moltres,True,https://pokeapi.co/api/v2/pokemon/146/encounters
147,dratini,True,https://pokeapi.co/api/v2/pokemon/147/encounters
148,dragonair,True,https://pokeapi.co/api/v2/pokemon/148/encounters
149,dragonite,True,https://pokeapi.co/api/v2/pokemon/149/encounters
150,mewtwo,True,https://pokeapi.co/api/v2/pokemon/150/encounters
151,mew,True,https://pokeapi.co/api/v2/pokemon/151/encounters
152,chikorita,True,https://pokeapi.co/api/v2/pokemon/152/encounters
153,bayleef,True,https://pokeapi.co/api/v2/pokemon/153/encounters
154,meganium,True,https://pokeapi.co/api/v2/pokemon/154/encounters
155,cyndaquil,True,https://pokeapi.co/api/v2/pokemon/155/encounters
156,quilava,True,https://pokeapi.co/api/v2/pokemon/156/encounters
157,typhlosion,True,https://pokeapi.co/api/v2/pokemon/157/encounters
158,totodile,True,https://pokeapi.co/api/v2/pokemon/158/encounters
159,croconaw,True,https://pokeapi.co/api/v2/pokemon/159/encounters
160,feraligatr,True,https://pokeapi.co/api/v2/pokemon/160/encounters
161,sentret,True,https://pokeapi.co/api/v2/pokemon/161/encounters
162,furret,True,https://pokeapi.co/api/v2/pokemon/162/encounters
163,hoothoot,True,https://pokeapi.co/api/v2/pokemon/163/encounters
164,noctowl,True,https://pokeapi.co/api/v2/pokemon/164/encounters
165,ledyba,True,https://pokeapi.co/api/v2/pokemon/165/encounters
166,ledian,True,https://pokeapi.co/api/v2/pokemon/166/encounters
167,spinarak,True,https://pokeapi.co/api/v2/pokemon/167/encounters
168,ariados,True,https://pokeapi.co/api/v2/pokemon/168/encounters
169,crobat,True,https://pokeapi.co/api/v2/pokemon/169/encounters
170,chinchou,True,https://pokeapi.co/api/v2/pokemon/170/encounters
171,lanturn,True,https://pokeapi.co/api/v2/pokemon/171/encounters
172,pichu,True,https://pokeapi.co/api/v2/pokemon/172/encounters
173,cleffa,True,https://pokeapi.co/api/v2/pokemon/173/encounters
174,igglybuff,True,https://pokeapi.co/api/v2/pokemon/174/encounters
175,togepi,True,https://pokeapi.co/api/v2/pokemon/175/encounters
176,togetic,True,https://pokeapi.co/api/v2/pokemon/176/encounters
177,natu,True,https://pokeapi.co/api/v2/pokemon/177/encounters
178,xatu,True,https://pokeapi.co/api/v2/pokemon/178/encounters
179,mareep,True,https://pokeapi.co/api/v2/pokemon/179/encounters
180,flaaffy,True,https://pokeapi.co/api/v2/pokemon/180/encounters
181,ampharos,True,https://pokeapi.co/api/v2/pokemon/181/encounters
182,bellossom,True,https://pokeapi.co/api/v2/pokemon/182/encounters
183,marill,True,https://pokeapi.co/api/v2/pokemon/183/encounters
184,azumarill,True,https://pokeapi.co/api/v2/pokemon/184/encounters
185,sudowoodo,True,https://pokeapi.co/api/v2/pokemon/185/encounters
186,politoed,True,https://pokeapi.co/api/v2/pokemon/186/encounters
187,hoppip,True,https://pokeapi.co/api/v2/pokemon/187/encounters
188,skiploom,True,https://pokeapi.co/api/v2/pokemon/188/encounters
189,jumpluff,True,https://pokeapi.co/api/v2/pokemon/189/encounters
190,aipom,True,https://pokeapi.co/api/v2/pokemon/190/encounters
191,sunkern,True,https://pokeapi.co/api/v2/pokemon/191/encounters
192,sunflora,True,https://pokeapi.co/api/v2/pokemon/192/encounters
193,yanma,True,https://pokeapi.co/api/v2/pokemon/193/encounters
194,wooper,True,https://pokeapi.co/api/v2/pokemon/194/encounters
195,quagsire,True,https://pokeapi.co/api/v2/pokemon/195/encounters
196,espeon,True,https://pokeapi.co/api/v2/pokemon/196/encounters
197,umbreon,True,https://pokeapi.co/api/v2/pokemon/197/encounters
198,murkrow,True,https://pokeapi.co/api/v2/pokemon/198/encounters
199,slowking,True,https://pokeapi.co/api/v2/pokemon/199/encounters
200,misdreavus,True,https://pokeapi.co/api/v2/pokemon/200/encounters
201,unown,True,https://pokeapi.co/api/v2/pokemon/201/encounters
202,wobbuffet,True,https://pokeapi.co/api/v2/pokemon/202/encounters
203,girafarig,True,https://pokeapi.co/api/v2/pokemon/203/encounters
204,pineco,True,https://pokeapi.co/api/v2/pokemon/204/encounters
205,forretress,True,https://pokeapi.co/api/v2/pokemon/205/encounters
206,dunsparce,True,https://pokeapi.co/api/v2/pokemon/206/encounters
207,gligar,True,https://pokeapi.co/api/v2/pokemon/207/encounters
208,steelix,True,https://pokeapi.co/api/v2/pokemon/208/encounters
209,snubbull,True,https://pokeapi.co/api/v2/pokemon/209/encounters
210,granbull,True,https://pokeapi.co/api/v2/pokemon/210/encounters
211,qwilfish,True,https://pokeapi.co/api/v2/pokemon/211/encounters
212,scizor,True,https://pokeapi.co/api/v2/pokemon/212/encounters
213,shuckle,True,https://pokeapi.co/api/v2/pokemon/213/encounters
214,heracross,True,https://pokeapi.co/api/v2/pokemon/214/encounters
215,sneasel,True,https://pokeapi.co/api/v2/pokemon/215/encounters
216,teddiursa,True,https://pokeapi.co/api/v2/pokemon/216/encounters
217,ursaring,True,https://pokeapi.co/api/v2/pokemon/217/encounters
218,slugma,True,https://pokeapi.co/api/v2/pokemon/218/encounters
219,magcargo,True,https://pokeapi.co/api/v2/pokemon/219/encounters
220,swinub,True,https://pokeapi.co/api/v2/pokemon/220/encounters
221,piloswine,True,https://pokeapi.co/api/v2/pokemon/221/encounters
222,corsola,True,https://pokeapi.co/api/v2/pokemon/222/encounters
223,remoraid,True,https://pokeapi.co/api/v2/pokemon/223/encounters
224,octillery,True,https://pokeapi.co/api/v2/pokemon/224/encounters
225,delibird,True,https://pokeapi.co/api/v2/pokemon/225/encounters
226,mantine,True,https://pokeapi.co/api/v2/pokemon/226/encounters
227,skarmory,True,https://pokeapi.co/api/v2/pokemon/227/encounters
228,houndour,True,https://pokeapi.co/api/v2/pokemon/228/encounters
229,houndoom,True,https://pokeapi.co/api/v2/pokemon/229/encounters
230,kingdra,True,https://pokeapi.co/api/v2/pokemon/230/encounters
231,phanpy,True,https://pokeapi.co/api/v2/pokemon/231/encounters
232,donphan,True,https://pokeapi.co/api/v2/pokemon/232/encounters
233,porygon2,True,https://pokeapi.co/api/v2/pokemon/233/encounters
234,stantler,True,https://pokeapi.co/api/v2/pokemon/234/encounters
235,smeargle,True,https://pokeapi.co/api/v2/pokemon/235/encounters
236,tyrogue,True,https://pokeapi.co/api/v2/pokemon/236/encounters
237,hitmontop,True,https://pokeapi.co/api/v2/pokemon/237/encounters
238,smoochum,True,https://pokeapi.co/api/v2/pokemon/238/encounters
239,elekid,True,https://pokeapi.co/api/v2/pokemon/239/encounters
240,magby,True,https://pokeapi.co/api/v2/pokemon/240/encounters
241,miltank,True,https://pokeapi.co/api/v2/pokemon/241/encounters
242,blissey,True,https://pokeapi.co/api/v2/pokemon/242/encounters
243,raikou,True,https://pokeapi.co/api/v2/pokemon/243/encounters
244,entei,True,https://pokeapi.co/api/v2/pokemon/244/encounters
245,suicune,True,https://pokeapi.co/api/v2/pokemon/245/encounters
246,larvitar,True,https://pokeapi.co/api/v2/pokemon/246/encounters
247,pupitar,True,https://pokeapi.co/api/v2/pokemon/247/encounters
248,tyranitar,True,https://pokeapi.co/api/v2/pokemon/248/encounters
249,lugia,True,https://pokeapi.co/api/v2/pokemon/249/encounters
250,ho-oh,True,https://pokeapi.co/api/v2/pokemon/250/encounters
251,celebi,True,https://pokeapi.co/api/v2/pokemon/251/encounters
252,treecko,True,https://pokeapi.co/api/v2/pokemon/252/encounters
253,grovyle,True,https://pokeapi.co/api/v2/pokemon/253/encounters
254,sceptile,True,https://pokeapi.co/api/v2/pokemon/254/encounters
255,torchic,True,https://pokeapi.co/api/v2/pokemon/255/encounters
256,combusken,True,https://pokeapi.co/api/v2/pokemon/256/encounters
257,blaziken,True,https://pokeapi.co/api/v2/pokemon/257/encounters
258,mudkip,True,https://pokeapi.co/api/v2/pokemon/258/encounters
259,marshtomp,True,https://pokeapi.co/api/v2/pokemon/259/encounters
260,swampert,True,https://pokeapi.co/api/v2/pokemon/260/encounters
261,poochyena,True,https://pokeapi.co/api/v2/pokemon/261/encounters
262,mightyena,True,https://pokeapi.co/api/v2/pokemon/262/encounters
263,zigzagoon,True,https://pokeapi.co/api/v2/pokemon/263/encounters
264,linoone,True,https://pokeapi.co/api/v2/pokemon/264/encounters
265,wurmple,True,https://pokeapi.co/api/v2/pokemon/265/encounters
266,silcoon,True,https://pokeapi.co/api/v2/pokemon/266/encounters
267,beautifly,True,https://pokeapi.co/api/v2/pokemon/267/encounters
268,cascoon,True,https://pokeapi.co/api/v2/pokemon/268/encounters
269,dustox,True,https://pokeapi.co/api/v2/pokemon/269/encounters
270,lotad,True,https://pokeapi.co/api/v2/pokemon/270/encounters
271,lombre,True,https://pokeapi.co/api/v2/pokemon/271/encounters
272,ludicolo,True,https://pokeapi.co/api/v2/pokemon/272/encounters
273,seedot,True,https://pokeapi.co/api/v2/pokemon/273/encounters
274,nuzleaf,True,https://pokeapi.co/api/v2/pokemon/274/encounters
275,shiftry,True,https://pokeapi.co/api/v2/pokemon/275/encounters
276,taillow,True,https://pokeapi.co/api/v2/pokemon/276/encounters
277,swellow,True,https://pokeapi.co/api/v2/pokemon/277/encounters
278,wingull,True,https://pokeapi.co/api/v2/pokemon/278/encounters
279,pelipper,True,https://pokeapi.co/api/v2/pokemon/279/encounters
280,ralts,True,https://pokeapi.co/api/v2/pokemon/280/encounters
281,kirlia,True,https://pokeapi.co/api/v2/pokemon/281/encounters
282,gardevoir,True,https://pokeapi.co/api/v2/pokemon/282/encounters
283,surskit,True,https://pokeapi.co/api/v2/pokemon/283/encounters
284,masquerain,True,https://pokeapi.co/api/v2/pokemon/284/encounters
285,shroomish,True,https://pokeapi.co/api/v2/pokemon/285/encounters
286,breloom,True,https://pokeapi.co/api/v2/pokemon/286/encounters
287,slakoth,True,https://pokeapi.co/api/v2/pokemon/287/encounters
288,vigoroth,True,https://pokeapi.co/api/v2/pokemon/288/encounters
289,slaking,True,https://pokeapi.co/api/v2/pokemon/289/encounters
290,nincada,True,https://pokeapi.co/api/v2/pokemon/290/encounters
291,ninjask,True,https://pokeapi.co/api/v2/pokemon/291/encounters
292,shedinja,True,https://pokeapi.co/api/v2/pokemon/292/encounters
293,whismur,True,https://pokeapi.co/api/v2/pokemon/293/encounters
294,loudred,True,https://pokeapi.co/api/v2/pokemon/294/encounters
295,exploud,True,https://pokeapi.co/api/v2/pokemon/295/encounters
296,makuhita,True,https://pokeapi.co/api/v2/pokemon/296/encounters
297,hariyama,True,https://pokeapi.co/api/v2/pokemon/297/encounters
298,azurill,True,https://pokeapi.co/api/v2/pokemon/298/encounters
299,nosepass,True,https://pokeapi.co/api/v2/pokemon/299/encounters
300,skitty,True,https://pokeapi.co/api/v2/pokemon/300/encounters
301,delcatty,True,https://pokeapi.co/api/v2/pokemon/301/encounters
302,sableye,True,https://pokeapi.co/api/v2/pokemon/302/encounters
303,mawile,True,https://pokeapi.co/api/v2/pokemon/303/encounters
304,aron,True,https://pokeapi.co/api/v2/pokemon/304/encounters
305,lairon,True,https://pokeapi.co/api/v2/pokemon/305/encounters
306,aggron,True,https://pokeapi.co/api/v2/pokemon/306/encounters
307,meditite,True,https://pokeapi.co/api/v2/pokemon/307/encounters
308,medicham,True,https://pokeapi.co/api/v2/pokemon/308/encounters
309,electrike,True,https://pokeapi.co/api/v2/pokemon/309/encounters
310,manectric,True,https://pokeapi.co/api/v2/pokemon/310/encounters
311,plusle,True,https://pokeapi.co/api/v2/pokemon/311/encounters
312,minun,True,https://pokeapi.co/api/v2/pokemon/312/encounters
313,volbeat,True,https://pokeapi.co/api/v2/pokemon/313/encounters
314,illumise,True,https://pokeapi.co/api/v2/pokemon/314/encounters
315,roselia,True,https://pokeapi.co/api/v2/pokemon/315/encounters
316,gulpin,True,https://pokeapi.co/api/v2/pokemon/316/encounters
317,swalot,True,https://pokeapi.co/api/v2/pokemon/317/encounters
318,carvanha,True,https://pokeapi.co/api/v2/pokemon/318/encounters
319,sharpedo,True,https://pokeapi.co/api/v2/pokemon/319/encounters
320,wailmer,True,https://pokeapi.co/api/v2/pokemon/320/encounters
321,wailord,True,https://pokeapi.co/api/v2/pokemon/321/encounters
322,numel,True,https://pokeapi.co/api/v2/pokemon/322/encounters
323,camerupt,True,https://pokeapi.co/api/v2/pokemon/323/encounters
324,torkoal,True,https://pokeapi.co/api/v2/pokemon/324/encounters
325,spoink,True,https://pokeapi.co/api/v2/pokemon/325/encounters
326,grumpig,True,https://pokeapi.co/api/v2/pokemon/326/encounters
327,spinda,True,https://pokeapi.co/api/v2/pokemon/327/encounters
328,trapinch,True,https://pokeapi.co/api/v2/pokemon/328/encounters
329,vibrava,True,https://pokeapi.co/api/v2/pokemon/329/encounters
330,flygon,True,https://pokeapi.co/api/v2/pokemon/330/encounters
331,cacnea,True,https://pokeapi.co/api/v2/pokemon/331/encounters
332,cacturne,True,https://pokeapi.co/api/v2/pokemon/332/encounters
333,swablu,True,https://pokeapi.co/api/v2/pokemon/333/encounters
334,altaria,True,https://pokeapi.co/api/v2/pokemon/334/encounters
335,zangoose,True,https://pokeapi.co/api/v2/pokemon/335/encounters
336,seviper,True,https://pokeapi.co/api/v2/pokemon/336/encounters
337,lunatone,True,https://pokeapi.co/api/v2/pokemon/337/encounters
338,solrock,True,https://pokeapi.co/api/v2/pokemon/338/encounters
339,barboach,True,https://pokeapi.co/api/v2/pokemon/339/encounters
340,whiscash,True,https://pokeapi.co/api/v2/pokemon/340/encounters
341,corphish,True,https://pokeapi.co/api/v2/pokemon/341/encounters
342,crawdaunt,True,https://pokeapi.co/api/v2/pokemon/342/encounters
343,baltoy,True,https://pokeapi.co/api/v2/pokemon/343/encounters
344,claydol,True,https://pokeapi.co/api/v2/pokemon/344/encounters
345,lileep,True,https://pokeapi.co/api/v2/pokemon/345/encounters
346,cradily,True,https://pokeapi.co/api/v2/pokemon/346/encounters
347,anorith,True,https://pokeapi.co/api/v2/pokemon/347/encounters
348,armaldo,True,https://pokeapi.co/api/v2/pokemon/348/encounters
349,feebas,True,https://pokeapi.co/api/v2/pokemon/349/encounters
350,milotic,True,https://pokeapi.co/api/v2/pokemon/350/encounters
351,castform,True,https://pokeapi.co/api/v2/pokemon/351/encounters
352,kecleon,True,https://pokeapi.co/api/v2/pokemon/352/encounters
353,shuppet,True,https://pokeapi.co/api/v2/pokemon/353/encounters
354,banette,True,https://pokeapi.co/api/v2/pokemon/354/encounters
355,duskull,True,https://pokeapi.co/api/v2/pokemon/355/encounters
356,dusclops,True,https://pokeapi.co/api/v2/pokemon/356/encounters
357,tropius,True,https://pokeapi.co/api/v2/pokemon/357/encounters
358,chimecho,True,https://pokeapi.co/api/v2/pokemon/358/encounters
359,absol,True,https://pokeapi.co/api/v2/pokemon/359/encounters
360,wynaut,True,https://pokeapi.co/api/v2/pokemon/360/encounters
361,snorunt,True,https://pokeapi.co/api/v2/pokemon/361/encounters
362,glalie,True,https://pokeapi.co/api/v2/pokemon/362/encounters
363,spheal,True,https://pokeapi.co/api/v2/pokemon/363/encounters
364,sealeo,True,https://pokeapi.co/api/v2/pokemon/364/encounters
365,walrein,True,https://pokeapi.co/api/v2/pokemon/365/encounters
366,clamperl,True,https://pokeapi.co/api/v2/pokemon/366/encounters
367,huntail,True,https://pokeapi.co/api/v2/pokemon/367/encounters
368,gorebyss,True,https://pokeapi.co/api/v2/pokemon/368/encounters
369,relicanth,True,https://pokeapi.co/api/v2/pokemon/369/encounters
370,luvdisc,True,https://pokeapi.co/api/v2/pokemon/370/encounters
371,bagon,True,https://pokeapi.co/api/v2/pokemon/371/encounters
372,shelgon,True,https://pokeapi.co/api/v2/pokemon/372/encounters
373,salamence,True,https://pokeapi.co/api/v2/pokemon/373/encounters
374,beldum,True,https://pokeapi.co/api/v2/pokemon/374/encounters
375,metang,True,https://pokeapi.co/api/v2/pokemon/375/encounters
376,metagross,True,https://pokeapi.co/api/v2/pokemon/376/encounters
377,regirock,True,https://pokeapi.co/api/v2/pokemon/377/encounters
378,regice,True,https://pokeapi.co/api/v2/pokemon/378/encounters
379,registeel,True,https://pokeapi.co/api/v2/pokemon/379/encounters
380,latias,True,https://pokeapi.co/api/v2/pokemon/380/encounters
381,latios,True,https://pokeapi.co/api/v2/pokemon/381/encounters
382,kyogre,True,https://pokeapi.co/api/v2/pokemon/382/encounters
383,groudon,True,https://pokeapi.co/api/v2/pokemon/383/encounters
384,rayquaza,True,https://pokeapi.co/api/v2/pokemon/384/encounters
385,jirachi,True,https://pokeapi.co/api/v2/pokemon/385/encounters
386,deoxys-normal,True,https://pokeapi.co/api/v2/pokemon/386/encounters
387,turtwig,True,https://pokeapi.co/api/v2/pokemon/387/encounters
388,grotle,True,https://pokeapi.co/api/v2/pokemon/388/encounters
389,torterra,True,https://pokeapi.co/api/v2/pokemon/389/encounters
390,chimchar,True,https://pokeapi.co/api/v2/pokemon/390/encounters
391,monferno,True,https://pokeapi.co/api/v2/pokemon/391/encounters
392,infernape,True,https://pokeapi.co/api/v2/pokemon/392/encounters
393,piplup,True,https://pokeapi.co/api/v2/pokemon/393/encounters
394,prinplup,True,https://pokeapi.co/api/v2/pokemon/394/encounters
395,empoleon,True,https://pokeapi.co/api/v2/pokemon/395/encounters
396,starly,True,https://pokeapi.co/api/v2/pokemon/396/encounters
397,staravia,True,https://pokeapi.co/api/v2/pokemon/397/encounters
398,staraptor,True,https://pokeapi.co/api/v2/pokemon/398/encounters
399,bidoof,True,https://pokeapi.co/api/v2/pokemon/399/encounters
400,bibarel,True,https://pokeapi.co/api/v2/pokemon/400/encounters
401,kricketot,True,https://pokeapi.co/api/v2/pokemon/401/encounters
402,kricketune,True,https://pokeapi.co/api/v2/pokemon/402/encounters
403,shinx,True,https://pokeapi.co/api/v2/pokemon/403/encounters
404,luxio,True,https://pokeapi.co/api/v2/pokemon/404/encounters
405,luxray,True,https://pokeapi.co/api/v2/pokemon/405/encounters
406,budew,True,https://pokeapi.co/api/v2/pokemon/406/encounters
407,roserade,True,https://pokeapi.co/api/v2/pokemon/407/encounters
408,cranidos,True,https://pokeapi.co/api/v2/pokemon/408/encounters
409,rampardos,True,https://pokeapi.co/api/v2/pokemon/409/encounters
410,shieldon,True,https://pokeapi.co/api/v2/pokemon/410/encounters
411,bastiodon,True,https://pokeapi.co/api/v2/pokemon/411/encounters
412,burmy,True,https://pokeapi.co/api/v2/pokemon/412/encounters
413,wormadam-plant,True,https://pokeapi.co/api/v2/pokemon/413/encounters
414,mothim,True,https://pokeapi.co/api/v2/pokemon/414/encounters
415,combee,True,https://pokeapi.co/api/v2/pokemon/415/encounters
416,vespiquen,True,https://pokeapi.co/api/v2/pokemon/416/encounters
417,pachirisu,True,https://pokeapi.co/api/v2/pokemon/417/encounters
418,buizel,True,https://pokeapi.co/api/v2/pokemon/418/encounters
419,floatzel,True,https://pokeapi.co/api/v2/pokemon/419/encounters
420,cherubi,True,https://pokeapi.co/api/v2/pokemon/420/encounters
421,cherrim,True,https://pokeapi.co/api/v2/pokemon/421/encounters
422,shellos,True,https://pokeapi.co/api/v2/pokemon/422/encounters
423,gastrodon,True,https://pokeapi.co/api/v2/pokemon/423/encounters
424,ambipom,True,https://pokeapi.co/api/v2/pokemon/424/encounters
425,drifloon,True,https://pokeapi.co/api/v2/pokemon/425/encounters
426,drifblim,True,https://pokeapi.co/api/v2/pokemon/426/encounters
427,buneary,True,https://pokeapi.co/api/v2/pokemon/427/encounters
428,lopunny,True,https://pokeapi.co/api/v2/pokemon/428/encounters
429,mismagius,True,https://pokeapi.co/api/v2/pokemon/429/encounters
430,honchkrow,True,https://pokeapi.co/api/v2/pokemon/430/encounters
431,glameow,True,https://pokeapi.co/api/v2/pokemon/431/encounters
432,purugly,True,https://pokeapi.co/api/v2/pokemon/432/encounters
433,chingling,True,https://pokeapi.co/api/v2/pokemon/433/encounters
434,stunky,True,https://pokeapi.co/api/v2/pokemon/434/encounters
435,skuntank,True,https://pokeapi.co/api/v2/pokemon/435/encounters
436,bronzor,True,https://pokeapi.co/api/v2/pokemon/436/encounters
437,bronzong,True,https://pokeapi.co/api/v2/pokemon/437/encounters
438,bonsly,True,https://pokeapi.co/api/v2/pokemon/438/encounters
439,mime-jr,True,https://pokeapi.co/api/v2/pokemon/439/encounters
440,happiny,True,https://pokeapi.co/api/v2/pokemon/440/encounters
441,chatot,True,https://pokeapi.co/api/v2/pokemon/441/encounters
442,spiritomb,True,https://pokeapi.co/api/v2/pokemon/442/encounters
443,gible,True,https://pokeapi.co/api/v2/pokemon/443/encounters
444,gabite,True,https://pokeapi.co/api/v2/pokemon/444/encounters
445,garchomp,True,https://pokeapi.co/api/v2/pokemon/445/encounters
446,munchlax,True,https://pokeapi.co/api/v2/pokemon/446/encounters
447,riolu,True,https://pokeapi.co/api/v2/pokemon/447/encounters
448,lucario,True,https://pokeapi.co/api/v2/pokemon/448/encounters
449,hippopotas,True,https://pokeapi.co/api/v2/pokemon/449/encounters
450,hippowdon,True,https://pokeapi.co/api/v2/pokemon/450/encounters
451,skorupi,True,https://pokeapi.co/api/v2/pokemon/451/encounters
452,drapion,True,https://pokeapi.co/api/v2/pokemon/452/encounters
453,croagunk,True,https://pokeapi.co/api/v2/pokemon/453/encounters
454,toxicroak,True,https://pokeapi.co/api/v2/pokemon/454/encounters
455,carnivine,True,https://pokeapi.co/api/v2/pokemon/455/encounters
456,finneon,True,https://pokeapi.co/api/v2/pokemon/456/encounters
457,lumineon,True,https://pokeapi.co/api/v2/pokemon/457/encounters
458,mantyke,True,https://pokeapi.co/api/v2/pokemon/458/encounters
459,snover,True,https://pokeapi.co/api/v2/pokemon/459/encounters
460,abomasnow,True,https://pokeapi.co/api/v2/pokemon/460/encounters
461,weavile,True,https://pokeapi.co/api/v2/pokemon/461/encounters
462,magnezone,True,https://pokeapi.co/api/v2/pokemon/462/encounters
463,lickilicky,True,https://pokeapi.co/api/v2/pokemon/463/encounters
464,rhyperior,True,https://pokeapi.co/api/v2/pokemon/464/encounters
465,tangrowth,True,https://pokeapi.co/api/v2/pokemon/465/encounters
466,electivire,True,https://pokeapi.co/api/v2/pokemon/466/encounters
467,magmortar,True,https://pokeapi.co/api/v2/pokemon/467/encounters
468,togekiss,True,https://pokeapi.co/api/v2/pokemon/468/encounters
469,yanmega,True,https://pokeapi.co/api/v2/pokemon/469/encounters
470,leafeon,True,https://pokeapi.co/api/v2/pokemon/470/encounters
471,glaceon,True,https://pokeapi.co/api/v2/pokemon/471/encounters
472,gliscor,True,https://pokeapi.co/api/v2/pokemon/472/encounters
473,mamoswine,True,https://pokeapi.co/api/v2/pokemon/473/encounters
474,porygon-z,True,https://pokeapi.co/api/v2/pokemon/474/encounters
475,gallade,True,https://pokeapi.co/api/v2/pokemon/475/encounters
476,probopass,True,https://pokeapi.co/api/v2/pokemon/476/encounters
477,dusknoir,True,https://pokeapi.co/api/v2/pokemon/477/encounters
478,froslass,True,https://pokeapi.co/api/v2/pokemon/478/encounters
479,rotom,True,https://pokeapi.co/api/v2/pokemon/479/encounters
480,uxie,True,https://pokeapi.co/api/v2/pokemon/480/encounters
481,mesprit,True,https://pokeapi.co/api/v2/pokemon/481/encounters
482,azelf,True,https://pokeapi.co/api/v2/pokemon/482/encounters
483,dialga,True,https://pokeapi.co/api/v2/pokemon/483/encounters
484,palkia,True,https://pokeapi.co/api/v2/pokemon/484/encounters
485,heatran,True,https://pokeapi.co/api/v2/pokemon/485/encounters
486,regigigas,True,https://pokeapi.co/api/v2/pokemon/486/encounters
487,giratina-altered,True,https://pokeapi.co/api/v2/pokemon/487/encounters
488,cresselia,True,https://pokeapi.co/api/v2/pokemon/488/encounters
489,phione,True,https://pokeapi.co/api/v2/pokemon/489/encounters
490,manaphy,True,https://pokeapi.co/api/v2/pokemon/490/encounters
491,darkrai,True,https://pokeapi.co/api/v2/pokemon/491/encounters
492,shaymin-land,True,https://pokeapi.co/api/v2/pokemon/492/encounters
493,arceus,True,https://pokeapi.co/api/v2/pokemon/493/encounters
494,victini,True,https://pokeapi.co/api/v2/pokemon/494/encounters
495,snivy,True,https://pokeapi.co/api/v2/pokemon/495/encounters
496,servine,True,https://pokeapi.co/api/v2/pokemon/496/encounters
497,serperior,True,https://pokeapi.co/api/v2/pokemon/497/encounters
498,tepig,True,https://pokeapi.co/api/v2/pokemon/498/encounters
499,pignite,True,https://pokeapi.co/api/v2/pokemon/499/encounters
500,emboar,True,https://pokeapi.co/api/v2/pokemon/500/encounters
501,oshawott,True,https://pokeapi.co/api/v2/pokemon/501/encounters
502,dewott,True,https://pokeapi.co/api/v2/pokemon/502/encounters
503,samurott,True,https://pokeapi.co/api/v2/pokemon/503/encounters
504,patrat,True,https://pokeapi.co/api/v2/pokemon/504/encounters
505,watchog,True,https://pokeapi.co/api/v2/pokemon/505/encounters
506,lillipup,True,https://pokeapi.co/api/v2/pokemon/506/encounters
507,herdier,True,https://pokeapi.co/api/v2/pokemon/507/encounters
508,stoutland,True,https://pokeapi.co/api/v2/pokemon/508/encounters
509,purrloin,True,https://pokeapi.co/api/v2/pokemon/509/encounters
510,liepard,True,https://pokeapi.co/api/v2/pokemon/510/encounters
511,pansage,True,https://pokeapi.co/api/v2/pokemon/511/encounters
512,simisage,True,https://pokeapi.co/api/v2/pokemon/512/encounters
513,pansear,True,https://pokeapi.co/api/v2/pokemon/513/encounters
514,simisear,True,https://pokeapi.co/api/v2/pokemon/514/encounters
515,panpour,True,https://pokeapi.co/api/v2/pokemon/515/encounters
516,simipour,True,https://pokeapi.co/api/v2/pokemon/516/encounters
517,munna,True,https://pokeapi.co/api/v2/pokemon/517/encounters
518,musharna,True,https://pokeapi.co/api/v2/pokemon/518/encounters
519,pidove,True,https://pokeapi.co/api/v2/pokemon/519/encounters
520,tranquill,True,https://pokeapi.co/api/v2/pokemon/520/encounters
521,unfezant,True,https://pokeapi.co/api/v2/pokemon/521/encounters
522,blitzle,True,https://pokeapi.co/api/v2/pokemon/522/encounters
523,zebstrika,True,https://pokeapi.co/api/v2/pokemon/523/encounters
524,roggenrola,True,https://pokeapi.co/api/v2/pokemon/524/encounters
525,boldore,True,https://pokeapi.co/api/v2/pokemon/525/encounters
526,gigalith,True,https://pokeapi.co/api/v2/pokemon/526/encounters
527,woobat,True,https://pokeapi.co/api/v2/pokemon/527/encounters
528,swoobat,True,https://pokeapi.co/api/v2/pokemon/528/encounters
529,drilbur,True,https://pokeapi.co/api/v2/pokemon/529/encounters
530,excadrill,True,https://pokeapi.co/api/v2/pokemon/530/encounters
531,audino,True,https://pokeapi.co/api/v2/pokemon/531/encounters
532,timburr,True,https://pokeapi.co/api/v2/pokemon/532/encounters
533,gurdurr,True,https://pokeapi.co/api/v2/pokemon/533/encounters
534,conkeldurr,True,https://pokeapi.co/api/v2/pokemon/534/encounters
535,tympole,True,https://pokeapi.co/api/v2/pokemon/535/encounters
536,palpitoad,True,https://pokeapi.co/api/v2/pokemon/536/encounters
537,seismitoad,True,https://pokeapi.co/api/v2/pokemon/537/encounters
538,throh,True,https://pokeapi.co/api/v2/pokemon/538/encounters
539,sawk,True,https://pokeapi.co/api/v2/pokemon/539/encounters
540,sewaddle,True,https://pokeapi.co/api/v2/pokemon/540/encounters
541,swadloon,True,https://pokeapi.co/api/v2/pokemon/541/encounters
542,leavanny,True,https://pokeapi.co/api/v2/pokemon/542/encounters
543,venipede,True,https://pokeapi.co/api/v2/pokemon/543/encounters
544,whirlipede,True,https://pokeapi.co/api/v2/pokemon/544/encounters
545,scolipede,True,https://pokeapi.co/api/v2/pokemon/545/encounters
546,cottonee,True,https://pokeapi.co/api/v2/pokemon/546/encounters
547,whimsicott,True,https://pokeapi.co/api/v2/pokemon/547/encounters
548,petilil,True,https://pokeapi.co/api/v2/pokemon/548/encounters
549,lilligant,True,https://pokeapi.co/api/v2/pokemon/549/encounters
550,basculin-red-striped,True,https://pokeapi.co/api/v2/pokemon/550/encounters
551,sandile,True,https://pokeapi.co/api/v2/pokemon/551/encounters
552,krokorok,True,https://pokeapi.co/api/v2/pokemon/552/encounters
553,krookodile,True,https://pokeapi.co/api/v2/pokemon/553/encounters
554,darumaka,True,https://pokeapi.co/api/v2/pokemon/554/encounters
555,darmanitan-standard,True,https://pokeapi.co/api/v2/pokemon/555/encounters
556,maractus,True,https://pokeapi.co/api/v2/pokemon/556/encounters
557,dwebble,True,https://pokeapi.co/api/v2/pokemon/557/encounters
558,crustle,True,https://pokeapi.co/api/v2/pokemon/558/encounters
559,scraggy,True,https://pokeapi.co/api/v2/pokemon/559/encounters
560,scrafty,True,https://pokeapi.co/api/v2/pokemon/560/encounters
561,sigilyph,True,https://pokeapi.co/api/v2/pokemon/561/encounters
562,yamask,True,https://pokeapi.co/api/v2/pokemon/562/encounters
563,cofagrigus,True,https://pokeapi.co/api/v2/pokemon/563/encounters
564,tirtouga,True,https://pokeapi.co/api/v2/pokemon/564/encounters
565,carracosta,True,https://pokeapi.co/api/v2/pokemon/565/encounters
566,archen,True,https://pokeapi.co/api/v2/pokemon/566/encounters
567,archeops,True,https://pokeapi.co/api/v2/pokemon/567/encounters
568,trubbish,True,https://pokeapi.co/api/v2/pokemon/568/encounters
569,garbodor,True,https://pokeapi.co/api/v2/pokemon/569/encounters
570,zorua,True,https://pokeapi.co/api/v2/pokemon/570/encounters
571,zoroark,True,https://pokeapi.co/api/v2/pokemon/571/encounters
572,minccino,True,https://pokeapi.co/api/v2/pokemon/572/encounters
573,cinccino,True,https://pokeapi.co/api/v2/pokemon/573/encounters
574,gothita,True,https://pokeapi.co/api/v2/pokemon/574/encounters
575,gothorita,True,https://pokeapi.co/api/v2/pokemon/575/encounters
576,gothitelle,True,https://pokeapi.co/api/v2/pokemon/576/encounters
577,solosis,True,https://pokeapi.co/api/v2/pokemon/577/encounters
578,duosion,True,https://pokeapi.co/api/v2/pokemon/578/encounters
579,reuniclus,True,https://pokeapi.co/api/v2/pokemon/579/encounters
580,ducklett,True,https://pokeapi.co/api/v2/pokemon/580/encounters
581,swanna,True,https://pokeapi.co/api/v2/pokemon/581/encounters
582,vanillite,True,https://pokeapi.co/api/v2/pokemon/582/encounters
583,vanillish,True,https://pokeapi.co/api/v2/pokemon/583/encounters
584,vanilluxe,True,https://pokeapi.co/api/v2/pokemon/584/encounters
585,deerling,True,https://pokeapi.co/api/v2/pokemon/585/encounters
586,sawsbuck,True,https://pokeapi.co/api/v2/pokemon/586/encounters
587,emolga,True,https://pokeapi.co/api/v2/pokemon/587/encounters
588,karrablast,True,https://pokeapi.co/api/v2/pokemon/588/encounters
589,escavalier,True,https://pokeapi.co/api/v2/pokemon/589/encounters
590,foongus,True,https://pokeapi.co/api/v2/pokemon/590/encounters
591,amoonguss,True,https://pokeapi.co/api/v2/pokemon/591/encounters
592,frillish,True,https://pokeapi.co/api/v2/pokemon/592/encounters
593,jellicent,True,https://pokeapi.co/api/v2/pokemon/593/encounters
594,alomomola,True,https://pokeapi.co/api/v2/pokemon/594/encounters
595,joltik,True,https://pokeapi.co/api/v2/pokemon/595/encounters
596,galvantula,True,https://pokeapi.co/api/v2/pokemon/596/encounters
597,ferroseed,True,https://pokeapi.co/api/v2/pokemon/597/encounters
598,ferrothorn,True,https://pokeapi.co/api/v2/pokemon/598/encounters
599,klink,True,https://pokeapi.co/api/v2/pokemon/599/encounters
600,klang,True,https://pokeapi.co/api/v2/pokemon/600/encounters
601,klinklang,True,https://pokeapi.co/api/v2/pokemon/601/encounters
602,tynamo,True,https://pokeapi.co/api/v2/pokemon/602/encounters
603,eelektrik,True,https://pokeapi.co/api/v2/pokemon/603/encounters
604,eelektross,True,https://pokeapi.co/api/v2/pokemon/604/encounters
605,elgyem,True,https://pokeapi.co/api/v2/pokemon/605/encounters
606,beheeyem,True,https://pokeapi.co/api/v2/pokemon/606/encounters
607,litwick,True,https://pokeapi.co/api/v2/pokemon/607/encounters
608,lampent,True,https://pokeapi.co/api/v2/pokemon/608/encounters
609,chandelure,True,https://pokeapi.co/api/v2/pokemon/609/encounters
610,axew,True,https://pokeapi.co/api/v2/pokemon/610/encounters
611,fraxure,True,https://pokeapi.co/api/v2/pokemon/611/encounters
612,haxorus,True,https://pokeapi.co/api/v2/pokemon/612/encounters
613,cubchoo,True,https://pokeapi.co/api/v2/pokemon/613/encounters
614,beartic,True,https://pokeapi.co/api/v2/pokemon/614/encounters
615,cryogonal,True,https://pokeapi.co/api/v2/pokemon/615/encounters
616,shelmet,True,https://pokeapi.co/api/v2/pokemon/616/encounters
617,accelgor,True,https://pokeapi.co/api/v2/pokemon/617/encounters
618,stunfisk,True,https://pokeapi.co/api/v2/pokemon/618/encounters
619,mienfoo,True,https://pokeapi.co/api/v2/pokemon/619/encounters
620,mienshao,True,https://pokeapi.co/api/v2/pokemon/620/encounters
621,druddigon,True,https://pokeapi.co/api/v2/pokemon/621/encounters
622,golett,True,https://pokeapi.co/api/v2/pokemon/622/encounters
623,golurk,True,https://pokeapi.co/api/v2/pokemon/623/encounters
624,pawniard,True,https://pokeapi.co/api/v2/pokemon/624/encounters
625,bisharp,True,https://pokeapi.co/api/v2/pokemon/625/encounters
626,bouffalant,True,https://pokeapi.co/api/v2/pokemon/626/encounters
627,rufflet,True,https://pokeapi.co/api/v2/pokemon/627/encounters
628,braviary,True,https://pokeapi.co/api/v2/pokemon/628/encounters
629,vullaby,True,https://pokeapi.co/api/v2/pokemon/629/encounters
630,mandibuzz,True,https://pokeapi.co/api/v2/pokemon/630/encounters
631,heatmor,True,https://pokeapi.co/api/v2/pokemon/631/encounters
632,durant,True,https://pokeapi.co/api/v2/pokemon/632/encounters
633,deino,True,https://pokeapi.co/api/v2/pokemon/633/encounters
634,zweilous,True,https://pokeapi.co/api/v2/pokemon/634/encounters
635,hydreigon,True,https://pokeapi.co/api/v2/pokemon/635/encounters
636,larvesta,True,https://pokeapi.co/api/v2/pokemon/636/encounters
637,volcarona,True,https://pokeapi.co/api/v2/pokemon/637/encounters
638,cobalion,True,https://pokeapi.co/api/v2/pokemon/638/encounters
639,terrakion,True,https://pokeapi.co/api/v2/pokemon/639/encounters
640,virizion,True,https://pokeapi.co/api/v2/pokemon/640/encounters
641,tornadus-incarnate,True,https://pokeapi.co/api/v2/pokemon/641/encounters
642,thundurus-incarnate,True,https://pokeapi.co/api/v2/pokemon/642/encounters
643,reshiram,True,https://pokeapi.co/api/v2/pokemon/643/encounters
644,zekrom,True,https://pokeapi.co/api/v2/pokemon/644/encounters
645,landorus-incarnate,True,https://pokeapi.co/api/v2/pokemon/645/encounters
646,kyurem,True,https://pokeapi.co/api/v2/pokemon/646/encounters
647,keldeo-ordinary,True,https://pokeapi.co/api/v2/pokemon/647/encounters
648,meloetta-aria,True,https://pokeapi.co/api/v2/pokemon/648/encounters
649,genesect,True,https://pokeapi.co/api/v2/pokemon/649/encounters
650,chespin,True,https://pokeapi.co/api/v2/pokemon/650/encounters
651,quilladin,True,https://pokeapi.co/api/v2/pokemon/651/encounters
652,chesnaught,True,https://pokeapi.co/api/v2/pokemon/652/encounters
653,fennekin,True,https://pokeapi.co/api/v2/pokemon/653/encounters
654,braixen,True,https://pokeapi.co/api/v2/pokemon/654/encounters
655,delphox,True,https://pokeapi.co/api/v2/pokemon/655/encounters
656,froakie,True,https://pokeapi.co/api/v2/pokemon/656/encounters
657,frogadier,True,https://pokeapi.co/api/v2/pokemon/657/encounters
658,greninja,True,https://pokeapi.co/api/v2/pokemon/658/encounters
659,bunnelby,True,https://pokeapi.co/api/v2/pokemon/659/encounters
660,diggersby,True,https://pokeapi.co/api/v2/pokemon/660/encounters
661,fletchling,True,https://pokeapi.co/api/v2/pokemon/661/encounters
662,fletchinder,True,https://pokeapi.co/api/v2/pokemon/662/encounters
663,talonflame,True,https://pokeapi.co/api/v2/pokemon/663/encounters
664,scatterbug,True,https://pokeapi.co/api/v2/pokemon/664/encounters
665,spewpa,True,https://pokeapi.co/api/v2/pokemon/665/encounters
666,vivillon,True,https://pokeapi.co/api/v2/pokemon/666/encounters
667,litleo,True,https://pokeapi.co/api/v2/pokemon/667/encounters
668,pyroar,True,https://pokeapi.co/api/v2/pokemon/668/encounters
669,flabebe,True,https://pokeapi.co/api/v2/pokemon/669/encounters
670,floette,True,https://pokeapi.co/api/v2/pokemon/670/encounters
671,florges,True,https://pokeapi.co/api/v2/pokemon/671/encounters
672,skiddo,True,https://pokeapi.co/api/v2/pokemon/672/encounters
673,gogoat,True,https://pokeapi.co/api/v2/pokemon/673/encounters
674,pancham,True,https://pokeapi.co/api/v2/pokemon/674/encounters
675,pangoro,True,https://pokeapi.co/api/v2/pokemon/675/encounters
676,furfrou,True,https://pokeapi.co/api/v2/pokemon/676/encounters
677,espurr,True,https://pokeapi.co/api/v2/pokemon/677/encounters
678,meowstic-male,True,https://pokeapi.co/api/v2/pokemon/678/encounters
679,honedge,True,https://pokeapi.co/api/v2/pokemon/679/encounters
680,doublade,True,https://pokeapi.co/api/v2/pokemon/680/encounters
681,aegislash-shield,True,https://pokeapi.co/api/v2/pokemon/681/encounters
682,spritzee,True,https://pokeapi.co/api/v2/pokemon/682/encounters
683,aromatisse,True,https://pokeapi.co/api/v2/pokemon/683/encounters
684,swirlix,True,https://pokeapi.co/api/v2/pokemon/684/encounters
685,slurpuff,True,https://pokeapi.co/api/v2/pokemon/685/encounters
686,inkay,True,https://pokeapi.co/api/v2/pokemon/686/encounters
687,malamar,True,https://pokeapi.co/api/v2/pokemon/687/encounters
688,binacle,True,https://pokeapi.co/api/v2/pokemon/688/encounters
689,barbaracle,True,https://pokeapi.co/api/v2/pokemon/689/encounters
690,skrelp,True,https://pokeapi.co/api/v2/pokemon/690/encounters
691,dragalge,True,https://pokeapi.co/api/v2/pokemon/691/encounters
692,clauncher,True,https://pokeapi.co/api/v2/pokemon/692/encounters
693,clawitzer,True,https://pokeapi.co/api/v2/pokemon/693/encounters
694,helioptile,True,https://pokeapi.co/api/v2/pokemon/694/encounters
695,heliolisk,True,https://pokeapi.co/api/v2/pokemon/695/encounters
696,tyrunt,True,https://pokeapi.co/api/v2/pokemon/696/encounters
697,tyrantrum,True,https://pokeapi.co/api/v2/pokemon/697/encounters
698,amaura,True,https://pokeapi.co/api/v2/pokemon/698/encounters
699,aurorus,True,https://pokeapi.co/api/v2/pokemon/699/encounters
700,sylveon,True,https://pokeapi.co/api/v2/pokemon/700/encounters
701,hawlucha,True,https://pokeapi.co/api/v2/pokemon/701/encounters
702,dedenne,True,https://pokeapi.co/api/v2/pokemon/702/encounters
703,carbink,True,https://pokeapi.co/api/v2/pokemon/703/encounters
704,goomy,True,https://pokeapi.co/api/v2/pokemon/704/encounters
705,sliggoo,True,https://pokeapi.co/api/v2/pokemon/705/encounters
706,goodra,True,https://pokeapi.co/api/v2/pokemon/706/encounters
707,klefki,True,https://pokeapi.co/api/v2/pokemon/707/encounters
708,phantump,True,https://pokeapi.co/api/v2/pokemon/708/encounters
709,trevenant,True,https://pokeapi.co/api/v2/pokemon/709/encounters
710,pumpkaboo-average,True,https://pokeapi.co/api/v2/pokemon/710/encounters
711,gourgeist-average,True,https://pokeapi.co/api/v2/pokemon/711/encounters
712,bergmite,True,https://pokeapi.co/api/v2/pokemon/712/encounters
713,avalugg,True,https://pokeapi.co/api/v2/pokemon/713/encounters
714,noibat,True,https://pokeapi.co/api/v2/pokemon/714/encounters
715,noivern,True,https://pokeapi.co/api/v2/pokemon/715/encounters
716,xerneas,True,https://pokeapi.co/api/v2/pokemon/716/encounters
717,yveltal,True,https://pokeapi.co/api/v2/pokemon/717/encounters
718,zygarde-50,True,https://pokeapi.co/api/v2/pokemon/718/encounters
719,diancie,True,https://pokeapi.co/api/v2/pokemon/719/encounters
720,hoopa,True,https://pokeapi.co/api/v2/pokemon/720/encounters
721,volcanion,True,https://pokeapi.co/api/v2/pokemon/721/encounters
722,rowlet,True,https://pokeapi.co/api/v2/pokemon/722/encounters
723,dartrix,True,https://pokeapi.co/api/v2/pokemon/723/encounters
724,decidueye,True,https://pokeapi.co/api/v2/pokemon/724/encounters
725,litten,True,https://pokeapi.co/api/v2/pokemon/725/encounters
726,torracat,True,https://pokeapi.co/api/v2/pokemon/726/encounters
727,incineroar,True,https://pokeapi.co/api/v2/pokemon/727/encounters
728,popplio,True,https://pokeapi.co/api/v2/pokemon/728/encounters
729,brionne,True,https://pokeapi.co/api/v2/pokemon/729/encounters
730,primarina,True,https://pokeapi.co/api/v2/pokemon/730/encounters
731,pikipek,True,https://pokeapi.co/api/v2/pokemon/731/encounters
732,trumbeak,True,https://pokeapi.co/api/v2/pokemon/732/encounters
733,toucannon,True,https://pokeapi.co/api/v2/pokemon/733/encounters
734,yungoos,True,https://pokeapi.co/api/v2/pokemon/734/encounters
735,gumshoos,True,https://pokeapi.co/api/v2/pokemon/735/encounters
736,grubbin,True,https://pokeapi.co/api/v2/pokemon/736/encounters
737,charjabug,True,https://pokeapi.co/api/v2/pokemon/737/encounters
738,vikavolt,True,https://pokeapi.co/api/v2/pokemon/738/encounters
739,crabrawler,True,https://pokeapi.co/api/v2/pokemon/739/encounters
740,crabominable,True,https://pokeapi.co/api/v2/pokemon/740/encounters
741,oricorio-baile,True,https://pokeapi.co/api/v2/pokemon/741/encounters
742,cutiefly,True,https://pokeapi.co/api/v2/pokemon/742/encounters
743,ribombee,True,https://pokeapi.co/api/v2/pokemon/743/encounters
744,rockruff,True,https://pokeapi.co/api/v2/pokemon/744/encounters
745,lycanroc-midday,True,https://pokeapi.co/api/v2/pokemon/745/encounters
746,wishiwashi-solo,True,https://pokeapi.co/api/v2/pokemon/746/encounters
747,mareanie,True,https://pokeapi.co/api/v2/pokemon/747/encounters
748,toxapex,True,https://pokeapi.co/api/v2/pokemon/748/encounters
749,mudbray,True,https://pokeapi.co/api/v2/pokemon/749/encounters
750,mudsdale,True,https://pokeapi.co/api/v2/pokemon/750/encounters
751,dewpider,True,https://pokeapi.co/api/v2/pokemon/751/encounters
752,araquanid,True,https://pokeapi.co/api/v2/pokemon/752/encounters
753,fomantis,True,https://pokeapi.co/api/v2/pokemon/753/encounters
754,lurantis,True,https://pokeapi.co/api/v2/pokemon/754/encounters
755,morelull,True,https://pokeapi.co/api/v2/pokemon/755/encounters
756,shiinotic,True,https://pokeapi.co/api/v2/pokemon/756/encounters
757,salandit,True,https://pokeapi.co/api/v2/pokemon/757/encounters
758,salazzle,True,https://pokeapi.co/api/v2/pokemon/758/encounters
759,stufful,True,https://pokeapi.co/api/v2/pokemon/759/encounters
760,bewear,True,https://pokeapi.co/api/v2/pokemon/760/encounters
761,bounsweet,True,https://pokeapi.co/api/v2/pokemon/761/encounters
762,steenee,True,https://pokeapi.co/api/v2/pokemon/762/encounters
763,tsareena,True,https://pokeapi.co/api/v2/pokemon/763/encounters
764,comfey,True,https://pokeapi.co/api/v2/pokemon/764/encounters
765,oranguru,True,https://pokeapi.co/api/v2/pokemon/765/encounters
766,passimian,True,https://pokeapi.co/api/v2/pokemon/766/encounters
767,wimpod,True,https://pokeapi.co/api/v2/pokemon/767/encounters
768,golisopod,True,https://pokeapi.co/api/v2/pokemon/768/encounters
769,sandygast,True,https://pokeapi.co/api/v2/pokemon/769/encounters
770,palossand,True,https://pokeapi.co/api/v2/pokemon/770/encounters
771,pyukumuku,True,https://pokeapi.co/api/v2/pokemon/771/encounters
772,type-null,True,https://pokeapi.co/api/v2/pokemon/772/encounters
773,silvally,True,https://pokeapi.co/api/v2/pokemon/773/encounters
774,minior-red-meteor,True,https://pokeapi.co/api/v2/pokemon/774/encounters
775,komala,True,https://pokeapi.co/api/v2/pokemon/775/encounters
776,turtonator,True,https://pokeapi.co/api/v2/pokemon/776/encounters
777,togedemaru,True,https://pokeapi.co/api/v2/pokemon/777/encounters
778,mimikyu-disguised,True,https://pokeapi.co/api/v2/pokemon/778/encounters
779,bruxish,True,https://pokeapi.co/api/v2/pokemon/779/encounters
780,drampa,True,https://pokeapi.co/api/v2/pokemon/780/encounters
781,dhelmise,True,https://pokeapi.co/api/v2/pokemon/781/encounters
782,jangmo-o,True,https://pokeapi.co/api/v2/pokemon/782/encounters
783,hakamo-o,True,https://pokeapi.co/api/v2/pokemon/783/encounters
784,kommo-o,True,https://pokeapi.co/api/v2/pokemon/784/encounters
785,tapu-koko,True,https://pokeapi.co/api/v2/pokemon/785/encounters
786,tapu-lele,True,https://pokeapi.co/api/v2/pokemon/786/encounters
787,tapu-bulu,True,https://pokeapi.co/api/v2/pokemon/787/encounters
788,tapu-fini,True,https://pokeapi.co/api/v2/pokemon/788/encounters
789,cosmog,True,https://pokeapi.co/api/v2/pokemon/789/encounters
790,cosmoem,True,https://pokeapi.co/api/v2/pokemon/790/encounters
791,solgaleo,True,https://pokeapi.co/api/v2/pokemon/791/encounters
792,lunala,True,https://pokeapi.co/api/v2/pokemon/792/encounters
793,nihilego,True,https://pokeapi.co/api/v2/pokemon/793/encounters
794,buzzwole,True,https://pokeapi.co/api/v2/pokemon/794/encounters
795,pheromosa,True,https://pokeapi.co/api/v2/pokemon/795/encounters
796,xurkitree,True,https://pokeapi.co/api/v2/pokemon/796/encounters
797,celesteela,True,https://pokeapi.co/api/v2/pokemon/797/encounters
798,kartana,True,https://pokeapi.co/api/v2/pokemon/798/encounters
799,guzzlord,True,https://pokeapi.co/api/v2/pokemon/799/encounters
800,necrozma,True,https://pokeapi.co/api/v2/pokemon/800/encounters
801,magearna,True,https://pokeapi.co/api/v2/pokemon/801/encounters
802,marshadow,True,https://pokeapi.co/api/v2/pokemon/802/encounters
803,poipole,True,https://pokeapi.co/api/v2/pokemon/803/encounters
804,naganadel,True,https://pokeapi.co/api/v2/pokemon/804/encounters
805,stakataka,True,https://pokeapi.co/api/v2/pokemon/805/encounters
806,blacephalon,True,https://pokeapi.co/api/v2/pokemon/806/encounters
807,zeraora,True,https://pokeapi.co/api/v2/pokemon/807/encounters
808,meltan,True,https://pokeapi.co/api/v2/pokemon/808/encounters
809,melmetal,True,https://pokeapi.co/api/v2/pokemon/809/encounters
810,grookey,True,https://pokeapi.co/api/v2/pokemon/810/encounters
811,thwackey,True,https://pokeapi.co/api/v2/pokemon/811/encounters
812,rillaboom,True,https://pokeapi.co/api/v2/pokemon/812/encounters
813,scorbunny,True,https://pokeapi.co/api/v2/pokemon/813/encounters
814,raboot,True,https://pokeapi.co/api/v2/pokemon/814/encounters
815,cinderace,True,https://pokeapi.co/api/v2/pokemon/815/encounters
816,sobble,True,https://pokeapi.co/api/v2/pokemon/816/encounters
817,drizzile,True,https://pokeapi.co/api/v2/pokemon/817/encounters
818,inteleon,True,https://pokeapi.co/api/v2/pokemon/818/encounters
819,skwovet,True,https://pokeapi.co/api/v2/pokemon/819/encounters
820,greedent,True,https://pokeapi.co/api/v2/pokemon/820/encounters
821,rookidee,True,https://pokeapi.co/api/v2/pokemon/821/encounters
822,corvisquire,True,https://pokeapi.co/api/v2/pokemon/822/encounters
823,corviknight,True,https://pokeapi.co/api/v2/pokemon/823/encounters
824,blipbug,True,https://pokeapi.co/api/v2/pokemon/824/encounters
825,dottler,True,https://pokeapi.co/api/v2/pokemon/825/encounters
826,orbeetle,True,https://pokeapi.co/api/v2/pokemon/826/encounters
827,nickit,True,https://pokeapi.co/api/v2/pokemon/827/encounters
828,thievul,True,https://pokeapi.co/api/v2/pokemon/828/encounters
829,gossifleur,True,https://pokeapi.co/api/v2/pokemon/829/encounters
830,eldegoss,True,https://pokeapi.co/api/v2/pokemon/830/encounters
831,wooloo,True,https://pokeapi.co/api/v2/pokemon/831/encounters
832,dubwool,True,https://pokeapi.co/api/v2/pokemon/832/encounters
833,chewtle,True,https://pokeapi.co/api/v2/pokemon/833/encounters
834,drednaw,True,https://pokeapi.co/api/v2/pokemon/834/encounters
835,yamper,True,https://pokeapi.co/api/v2/pokemon/835/encounters
836,boltund,True,https://pokeapi.co/api/v2/pokemon/836/encounters
837,rolycoly,True,https://pokeapi.co/api/v2/pokemon/837/encounters
838,carkol,True,https://pokeapi.co/api/v2/pokemon/838/encounters
839,coalossal,True,https://pokeapi.co/api/v2/pokemon/839/encounters
840,applin,True,https://pokeapi.co/api/v2/pokemon/840/encounters
841,flapple,True,https://pokeapi.co/api/v2/pokemon/841/encounters
842,appletun,True,https://pokeapi.co/api/v2/pokemon/842/encounters
843,silicobra,True,https://pokeapi.co/api/v2/pokemon/843/encounters
844,sandaconda,True,https://pokeapi.co/api/v2/pokemon/844/encounters
845,cramorant,True,https://pokeapi.co/api/v2/pokemon/845/encounters
846,arrokuda,True,https://pokeapi.co/api/v2/pokemon/846/encounters
847,barraskewda,True,https://pokeapi.co/api/v2/pokemon/847/encounters
848,toxel,True,https://pokeapi.co/api/v2/pokemon/848/encounters
849,toxtricity-amped,True,https://pokeapi.co/api/v2/pokemon/849/encounters
850,sizzlipede,True,https://pokeapi.co/api/v2/pokemon/850/encounters
851,centiskorch,True,https://pokeapi.co/api/v2/pokemon/851/encounters
852,clobbopus,True,https://pokeapi.co/api/v2/pokemon/852/encounters
853,grapploct,True,https://pokeapi.co/api/v2/pokemon/853/encounters
854,sinistea,True,https://pokeapi.co/api/v2/pokemon/854/encounters
855,polteageist,True,https://pokeapi.co/api/v2/pokemon/855/encounters
856,hatenna,True,https://pokeapi.co/api/v2/pokemon/856/encounters
857,hattrem,True,https://pokeapi.co/api/v2/pokemon/857/encounters
858,hatterene,True,https://pokeapi.co/api/v2/pokemon/858/encounters
859,impidimp,True,https://pokeapi.co/api/v2/pokemon/859/encounters
860,morgrem,True,https://pokeapi.co/api/v2/pokemon/860/encounters
861,grimmsnarl,True,https://pokeapi.co/api/v2/pokemon/861/encounters
862,obstagoon,True,https://pokeapi.co/api/v2/pokemon/862/encounters
863,perrserker,True,https://pokeapi.co/api/v2/pokemon/863/encounters
864,cursola,True,https://pokeapi.co/api/v2/pokemon/864/encounters
865,sirfetchd,True,https://pokeapi.co/api/v2/pokemon/865/encounters
866,mr-rime,True,https://pokeapi.co/api/v2/pokemon/866/encounters
867,runerigus,True,https://pokeapi.co/api/v2/pokemon/867/encounters
868,milcery,True,https://pokeapi.co/api/v2/pokemon/868/encounters
869,alcremie,True,https://pokeapi.co/api/v2/pokemon/869/encounters
870,falinks,True,https://pokeapi.co/api/v2/pokemon/870/encounters
871,pincurchin,True,https://pokeapi.co/api/v2/pokemon/871/encounters
872,snom,True,https://pokeapi.co/api/v2/pokemon/872/encounters
873,frosmoth,True,https://pokeapi.co/api/v2/pokemon/873/encounters
874,stonjourner,True,https://pokeapi.co/api/v2/pokemon/874/encounters
875,eiscue-ice,True,https://pokeapi.co/api/v2/pokemon/875/encounters
876,indeedee-male,True,https://pokeapi.co/api/v2/pokemon/876/encounters
877,morpeko-full-belly,True,https://pokeapi.co/api/v2/pokemon/877/encounters
878,cufant,True,https://pokeapi.co/api/v2/pokemon/878/encounters
879,copperajah,True,https://pokeapi.co/api/v2/pokemon/879/encounters
880,dracozolt,True,https://pokeapi.co/api/v2/pokemon/880/encounters
881,arctozolt,True,https://pokeapi.co/api/v2/pokemon/881/encounters
882,dracovish,True,https://pokeapi.co/api/v2/pokemon/882/encounters
883,arctovish,True,https://pokeapi.co/api/v2/pokemon/883/encounters
884,duraludon,True,https://pokeapi.co/api/v2/pokemon/884/encounters
885,dreepy,True,https://pokeapi.co/api/v2/pokemon/885/encounters
886,drakloak,True,https://pokeapi.co/api/v2/pokemon/886/encounters
887,dragapult,True,https://pokeapi.co/api/v2/pokemon/887/encounters
888,zacian,True,https://pokeapi.co/api/v2/pokemon/888/encounters
889,zamazenta,True,https://pokeapi.co/api/v2/pokemon/889/encounters
890,eternatus,True,https://pokeapi.co/api/v2/pokemon/890/encounters
891,kubfu,True,https://pokeapi.co/api/v2/pokemon/891/encounters
892,urshifu-single-strike,True,https://pokeapi.co/api/v2/pokemon/892/encounters
893,zarude,True,https://pokeapi.co/api/v2/pokemon/893/encounters
894,regieleki,True,https://pokeapi.co/api/v2/pokemon/894/encounters
895,regidrago,True,https://pokeapi.co/api/v2/pokemon/895/encounters
896,glastrier,True,https://pokeapi.co/api/v2/pokemon/896/encounters
897,spectrier,True,https://pokeapi.co/api/v2/pokemon/897/encounters
898,calyrex,True,https://pokeapi.co/api/v2/pokemon/898/encounters
899,wyrdeer,True,https://pokeapi.co/api/v2/pokemon/899/encounters
900,kleavor,True,https://pokeapi.co/api/v2/pokemon/900/encounters
901,ursaluna,True,https://pokeapi.co/api/v2/pokemon/901/encounters
902,basculegion-male,True,https://pokeapi.co/api/v2/pokemon/902/encounters
903,sneasler,True,https://pokeapi.co/api/v2/pokemon/903/encounters
904,overqwil,True,https://pokeapi.co/api/v2/pokemon/904/encounters
905,enamorus-incarnate,True,https://pokeapi.co/api/v2/pokemon/905/encounters
906,sprigatito,True,https://pokeapi.co/api/v2/pokemon/906/encounters
907,floragato,True,https://pokeapi.co/api/v2/pokemon/907/encounters
908,meowscarada,True,https://pokeapi.co/api/v2/pokemon/908/encounters
909,fuecoco,True,https://pokeapi.co/api/v2/pokemon/909/encounters
910,crocalor,True,https://pokeapi.co/api/v2/pokemon/910/encounters
911,skeledirge,True,https://pokeapi.co/api/v2/pokemon/911/encounters
912,quaxly,True,https://pokeapi.co/api/v2/pokemon/912/encounters
913,quaxwell,True,https://pokeapi.co/api/v2/pokemon/913/encounters
914,quaquaval,True,https://pokeapi.co/api/v2/pokemon/914/encounters
915,lechonk,True,https://pokeapi.co/api/v2/pokemon/915/encounters
916,oinkologne-male,True,https://pokeapi.co/api/v2/pokemon/916/encounters
917,tarountula,True,https://pokeapi.co/api/v2/pokemon/917/encounters
918,spidops,True,https://pokeapi.co/api/v2/pokemon/918/encounters
919,nymble,True,https://pokeapi.co/api/v2/pokemon/919/encounters
920,lokix,True,https://pokeapi.co/api/v2/pokemon/920/encounters
921,pawmi,True,https://pokeapi.co/api/v2/pokemon/921/encounters
922,pawmo,True,https://pokeapi.co/api/v2/pokemon/922/encounters
923,pawmot,True,https://pokeapi.co/api/v2/pokemon/923/encounters
924,tandemaus,True,https://pokeapi.co/api/v2/pokemon/924/encounters
925,maushold-family-of-four,True,https://pokeapi.co/api/v2/pokemon/925/encounters
926,fidough,True,https://pokeapi.co/api/v2/pokemon/926/encounters
927,dachsbun,True,https://pokeapi.co/api/v2/pokemon/927/encounters
928,smoliv,True,https://pokeapi.co/api/v2/pokemon/928/encounters
929,dolliv,True,https://pokeapi.co/api/v2/pokemon/929/encounters
930,arboliva,True,https://pokeapi.co/api/v2/pokemon/930/encounters
931,squawkabilly-green-plumage,True,https://pokeapi.co/api/v2/pokemon/931/encounters
932,nacli,True,https://pokeapi.co/api/v2/pokemon/932/encounters
933,naclstack,True,https://pokeapi.co/api/v2/pokemon/933/encounters
934,garganacl,True,https://pokeapi.co/api/v2/pokemon/934/encounters
935,charcadet,True,https://pokeapi.co/api/v2/pokemon/935/encounters
936,armarouge,True,https://pokeapi.co/api/v2/pokemon/936/encounters
937,ceruledge,True,https://pokeapi.co/api/v2/pokemon/937/encounters
938,tadbulb,True,https://pokeapi.co/api/v2/pokemon/938/encounters
939,bellibolt,True,https://pokeapi.co/api/v2/pokemon/939/encounters
940,wattrel,True,https://pokeapi.co/api/v2/pokemon/940/encounters
941,kilowattrel,True,https://pokeapi.co/api/v2/pokemon/941/encounters
942,maschiff,True,https://pokeapi.co/api/v2/pokemon/942/encounters
943,mabosstiff,True,https://pokeapi.co/api/v2/pokemon/943/encounters
944,shroodle,True,https://pokeapi.co/api/v2/pokemon/944/encounters
945,grafaiai,True,https://pokeapi.co/api/v2/pokemon/945/encounters
946,bramblin,True,https://pokeapi.co/api/v2/pokemon/946/encounters
947,brambleghast,True,https://pokeapi.co/api/v2/pokemon/947/encounters
948,toedscool,True,https://pokeapi.co/api/v2/pokemon/948/encounters
949,toedscruel,True,https://pokeapi.co/api/v2/pokemon/949/encounters
950,klawf,True,https://pokeapi.co/api/v2/pokemon/950/encounters
951,capsakid,True,https://pokeapi.co/api/v2/pokemon/951/encounters
952,scovillain,True,https://pokeapi.co/api/v2/pokemon/952/encounters
953,rellor,True,https://pokeapi.co/api/v2/pokemon/953/encounters
954,rabsca,True,https://pokeapi.co/api/v2/pokemon/954/encounters
955,flittle,True,https://pokeapi.co/api/v2/pokemon/955/encounters
956,espathra,True,https://pokeapi.co/api/v2/pokemon/956/encounters
957,tinkatink,True,https://pokeapi.co/api/v2/pokemon/957/encounters
958,tinkatuff,True,https://pokeapi.co/api/v2/pokemon/958/encounters
959,tinkaton,True,https://pokeapi.co/api/v2/pokemon/959/encounters
960,wiglett,True,https://pokeapi.co/api/v2/pokemon/960/encounters
961,wugtrio,True,https://pokeapi.co/api/v2/pokemon/961/encounters
962,bombirdier,True,https://pokeapi.co/api/v2/pokemon/962/encounters
963,finizen,True,https://pokeapi.co/api/v2/pokemon/963/encounters
964,palafin-zero,True,https://pokeapi.co/api/v2/pokemon/964/encounters
965,varoom,True,https://pokeapi.co/api/v2/pokemon/965/encounters
966,revavroom,True,https://pokeapi.co/api/v2/pokemon/966/encounters
967,cyclizar,True,https://pokeapi.co/api/v2/pokemon/967/encounters
968,orthworm,True,https://pokeapi.co/api/v2/pokemon/968/encounters
969,glimmet,True,https://pokeapi.co/api/v2/pokemon/969/encounters
970,glimmora,True,https://pokeapi.co/api/v2/pokemon/970/encounters
971,greavard,True,https://pokeapi.co/api/v2/pokemon/971/encounters
972,houndstone,True,https://pokeapi.co/api/v2/pokemon/972/encounters
973,flamigo,True,https://pokeapi.co/api/v2/pokemon/973/encounters
974,cetoddle,True,https://pokeapi.co/api/v2/pokemon/974/encounters
975,cetitan,True,https://pokeapi.co/api/v2/pokemon/975/encounters
976,veluza,True,https://pokeapi.co/api/v2/pokemon/976/encounters
977,dondozo,True,https://pokeapi.co/api/v2/pokemon/977/encounters
978,tatsugiri-curly,True,https://pokeapi.co/api/v2/pokemon/978/encounters
979,annihilape,True,https://pokeapi.co/api/v2/pokemon/979/encounters
980,clodsire,True,https://pokeapi.co/api/v2/pokemon/980/encounters
981,farigiraf,True,https://pokeapi.co/api/v2/pokemon/981/encounters
982,dudunsparce-two-segment,True,https://pokeapi.co/api/v2/pokemon/982/encounters
983,kingambit,True,https://pokeapi.co/api/v2/pokemon/983/encounters
984,great-tusk,True,https://pokeapi.co/api/v2/pokemon/984/encounters
985,scream-tail,True,https://pokeapi.co/api/v2/pokemon/985/encounters
986,brute-bonnet,True,https://pokeapi.co/api/v2/pokemon/986/encounters
987,flutter-mane,True,https://pokeapi.co/api/v2/pokemon/987/encounters
988,slither-wing,True,https://pokeapi.co/api/v2/pokemon/988/encounters
989,sandy-shocks,True,https://pokeapi.co/api/v2/pokemon/989/encounters
990,iron-treads,True,https://pokeapi.co/api/v2/pokemon/990/encounters
991,iron-bundle,True,https://pokeapi.co/api/v2/pokemon/991/encounters
992,iron-hands,True,https://pokeapi.co/api/v2/pokemon/992/encounters
993,iron-jugulis,True,https://pokeapi.co/api/v2/pokemon/993/encounters
994,iron-moth,True,https://pokeapi.co/api/v2/pokemon/994/encounters
995,iron-thorns,True,https://pokeapi.co/api/v2/pokemon/995/encounters
996,frigibax,True,https://pokeapi.co/api/v2/pokemon/996/encounters
997,arctibax,True,https://pokeapi.co/api/v2/pokemon/997/encounters
998,baxcalibur,True,https://pokeapi.co/api/v2/pokemon/998/encounters
999,gimmighoul,True,https://pokeapi.co/api/v2/pokemon/999/encounters
1000,gholdengo,True,https://pokeapi.co/api/v2/pokemon/1000/encounters
1001,wo-chien,True,https://pokeapi.co/api/v2/pokemon/1001/encounters
1002,chien-pao,True,https://pokeapi.co/api/v2/pokemon/1002/encounters
1003,ting-lu,True,https://pokeapi.co/api/v2/pokemon/1003/encounters
1004,chi-yu,True,https://pokeapi.co/api/v2/pokemon/1004/encounters
1005,roaring-moon,True,https://pokeapi.co/api/v2/pokemon/1005/encounters
1006,iron-valiant,True,https://pokeapi.co/api/v2/pokemon/1006/encounters
1007,koraidon,True,https://pokeapi.co/api/v2/pokemon/1007/encounters
1008,miraidon,True,https://pokeapi.co/api/v2/pokemon/1008/encounters
1009,walking-wake,True,https://pokeapi.co/api/v2/pokemon/1009/encounters
1010,iron-leaves,True,https://pokeapi.co/api/v2/pokemon/1010/encounters
1011,dipplin,True,https://pokeapi.co/api/v2/pokemon/1011/encounters
1012,poltchageist,True,https://pokeapi.co/api/v2/pokemon/1012/encounters
1013,sinistcha,True,https://pokeapi.co/api/v2/pokemon/1013/encounters
1014,okidogi,True,https://pokeapi.co/api/v2/pokemon/1014/encounters
1015,munkidori,True,https://pokeapi.co/api/v2/pokemon/1015/encounters
1016,fezandipiti,True,https://pokeapi.co/api/v2/pokemon/1016/encounters
1017,ogerpon,True,https://pokeapi.co/api/v2/pokemon/1017/encounters
1018,archaludon,True,https://pokeapi.co/api/v2/pokemon/1018/encounters
1019,hydrapple,True,https://pokeapi.co/api/v2/pokemon/1019/encounters
1020,gouging-fire,True,https://pokeapi.co/api/v2/pokemon/1020/encounters
1021,raging-bolt,True,https://pokeapi.co/api/v2/pokemon/1021/encounters
1022,iron-boulder,True,https://pokeapi.co/api/v2/pokemon/1022/encounters
1023,iron-crown,True,https://pokeapi.co/api/v2/pokemon/1023/encounters
1024,terapagos,True,https://pokeapi.co/api/v2/pokemon/1024/encounters
1025,pecharunt,True,https://pokeapi.co/api/v2/pokemon/1025/encounters
10001,deoxys-attack,False,https://pokeapi.co/api/v2/pokemon/10001/encounters
10002,deoxys-defense,False,https://pokeapi.co/api/v2/pokemon/10002/encounters
10003,deoxys-speed,False,https://pokeapi.co/api/v2/pokemon/10003/encounters
10004,wormadam-sandy,False,https://pokeapi.co/api/v2/pokemon/10004/encounters
10005,wormadam-trash,False,https://pokeapi.co/api/v2/pokemon/10005/encounters
10006,shaymin-sky,False,https://pokeapi.co/api/v2/pokemon/10006/encounters
10007,giratina-origin,False,https://pokeapi.co/api/v2/pokemon/10007/encounters
10008,rotom-heat,False,https://pokeapi.co/api/v2/pokemon/10008/encounters
10009,rotom-wash,False,https://pokeapi.co/api/v2/pokemon/10009/encounters
10010,rotom-frost,False,https://pokeapi.co/api/v2/pokemon/10010/encounters
10011,rotom-fan,False,https://pokeapi.co/api/v2/pokemon/10011/encounters
10012,rotom-mow,False,https://pokeapi.co/api/v2/pokemon/10012/encounters
10013,castform-sunny,False,https://pokeapi.co/api/v2/pokemon/10013/encounters
10014,castform-rainy,False,https://pokeapi.co/api/v2/pokemon/10014/encounters
10015,castform-snowy,False,https://pokeapi.co/api/v2/pokemon/10015/encounters
10016,basculin-blue-striped,False,https://pokeapi.co/api/v2/pokemon/10016/encounters
10017,darmanitan-zen,False,https://pokeapi.co/api/v2/pokemon/10017/encounters
10018,meloetta-pirouette,False,https://pokeapi.co/api/v2/pokemon/10018/encounters
10019,tornadus-therian,False,https://pokeapi.co/api/v2/pokemon/10019/encounters
10020,thundurus-therian,False,https://pokeapi.co/api/v2/pokemon/10020/encounters
10021,landorus-therian,False,https://pokeapi.co/api/v2/pokemon/10021/encounters
10022,kyurem-black,False,https://pokeapi.co/api/v2/pokemon/10022/encounters
10023,kyurem-white,False,https://pokeapi.co/api/v2/pokemon/10023/encounters
10024,keldeo-resolute,False,https://pokeapi.co/api/v2/pokemon/10024/encounters
10025,meowstic-female,False,https://pokeapi.co/api/v2/pokemon/10025/encounters
10026,aegislash-blade,False,https://pokeapi.co/api/v2/pokemon/10026/encounters
10027,pumpkaboo-small,False,https://pokeapi.co/api/v2/pokemon/10027/encounters
10028,pumpkaboo-large,False,https://pokeapi.co/api/v2/pokemon/10028/encounters
10029,pumpkaboo-super,False,https://pokeapi.co/api/v2/pokemon/10029/encounters
10030,gourgeist-small,False,https://pokeapi.co/api/v2/pokemon/10030/encounters
10031,gourgeist-large,False,https://pokeapi.co/api/v2/pokemon/10031/encounters
10032,gourgeist-super,False,https://pokeapi.co/api/v2/pokemon/10032/encounters
10033,venusaur-mega,False,https://pokeapi.co/api/v2/pokemon/10033/encounters
10034,charizard-mega-x,False,https://pokeapi.co/api/v2/pokemon/10034/encounters
10035,charizard-mega-y,False,https://pokeapi.co/api/v2/pokemon/10035/encounters
10036,blastoise-mega,False,https://pokeapi.co/api/v2/pokemon/10036/encounters
10037,alakazam-mega,False,https://pokeapi.co/api/v2/pokemon/10037/encounters
10038,gengar-mega,False,https://pokeapi.co/api/v2/pokemon/10038/encounters
10039,kangaskhan-mega,False,https://pokeapi.co/api/v2/pokemon/10039/encounters
10040,pinsir-mega,False,https://pokeapi.co/api/v2/pokemon/10040/encounters
10041,gyarados-mega,False,https://pokeapi.co/api/v2/pokemon/10041/encounters
10042,aerodactyl-mega,False,https://pokeapi.co/api/v2/pokemon/10042/encounters
10043,mewtwo-mega-x,False,https://pokeapi.co/api/v2/pokemon/10043/encounters
10044,mewtwo-mega-y,False,https://pokeapi.co/api/v2/pokemon/10044/encounters
10045,ampharos-mega,False,https://pokeapi.co/api/v2/pokemon/10045/encounters
10046,scizor-mega,False,https://pokeapi.co/api/v2/pokemon/10046/encounters
10047,heracross-mega,False,https://pokeapi.co/api/v2/pokemon/10047/encounters
10048,houndoom-mega,False,https://pokeapi.co/api/v2/pokemon/10048/encounters
10049,tyranitar-mega,False,https://pokeapi.co/api/v2/pokemon/10049/encounters
10050,blaziken-mega,False,https://pokeapi.co/api/v2/pokemon/10050/encounters
10051,gardevoir-mega,False,https://pokeapi.co/api/v2/pokemon/10051/encounters
10052,mawile-mega,False,https://pokeapi.co/api/v2/pokemon/10052/encounters
10053,aggron-mega,False,https://pokeapi.co/api/v2/pokemon/10053/encounters
10054,medicham-mega,False,https://pokeapi.co/api/v2/pokemon/10054/encounters
10055,manectric-mega,False,https://pokeapi.co/api/v2/pokemon/10055/encounters
10056,banette-mega,False,https://pokeapi.co/api/v2/pokemon/10056/encounters
10057,absol-mega,False,https://pokeapi.co/api/v2/pokemon/10057/encounters
10058,garchomp-mega,False,https://pokeapi.co/api/v2/pokemon/10058/encounters
10059,lucario-mega,False,https://pokeapi.co/api/v2/pokemon/10059/encounters
10060,abomasnow-mega,False,https://pokeapi.co/api/v2/pokemon/10060/encounters
10061,floette-eternal,False,https://pokeapi.co/api/v2/pokemon/10061/encounters
10062,latias-mega,False,https://pokeapi.co/api/v2/pokemon/10062/encounters
10063,latios-mega,False,https://pokeapi.co/api/v2/pokemon/10063/encounters
10064,swampert-mega,False,https://pokeapi.co/api/v2/pokemon/10064/encounters
10065,sceptile-mega,False,https://pokeapi.co/api/v2/pokemon/10065/encounters
10066,sableye-mega,False,https://pokeapi.co/api/v2/pokemon/10066/encounters
10067,altaria-mega,False,https://pokeapi.co/api/v2/pokemon/10067/encounters
10068,gallade-mega,False,https://pokeapi.co/api/v2/pokemon/10068/encounters
10069,audino-mega,False,https://pokeapi.co/api/v2/pokemon/10069/encounters
10070,sharpedo-mega,False,https://pokeapi.co/api/v2/pokemon/10070/encounters
10071,slowbro-mega,False,https://pokeapi.co/api/v2/pokemon/10071/encounters
10072,steelix-mega,False,https://pokeapi.co/api/v2/pokemon/10072/encounters
10073,pidgeot-mega,False,https://pokeapi.co/api/v2/pokemon/10073/encounters
10074,glalie-mega,False,https://pokeapi.co/api/v2/pokemon/10074/encounters
10075,diancie-mega,False,https://pokeapi.co/api/v2/pokemon/10075/encounters
10076,metagross-mega,False,https://pokeapi.co/api/v2/pokemon/10076/encounters
10077,kyogre-primal,False,https://pokeapi.co/api/v2/pokemon/10077/encounters
10078,groudon-primal,False,https://pokeapi.co/api/v2/pokemon/10078/encounters
10079,rayquaza-mega,False,https://pokeapi.co/api/v2/pokemon/10079/encounters
10080,pikachu-rock-star,False,https://pokeapi.co/api/v2/pokemon/10080/encounters
10081,pikachu-belle,False,https://pokeapi.co/api/v2/pokemon/10081/encounters
10082,pikachu-pop-star,False,https://pokeapi.co/api/v2/pokemon/10082/encounters
10083,pikachu-phd,False,https://pokeapi.co/api/v2/pokemon/10083/encounters
10084,pikachu-libre,False,https://pokeapi.co/api/v2/pokemon/10084/encounters
10085,pikachu-cosplay,False,https://pokeapi.co/api/v2/pokemon/10085/encounters
10086,hoopa-unbound,False,https://pokeapi.co/api/v2/pokemon/10086/encounters
10087,camerupt-mega,False,https://pokeapi.co/api/v2/pokemon/10087/encounters
10088,lopunny-mega,False,https://pokeapi.co/api/v2/pokemon/10088/encounters
10089,salamence-mega,False,https://pokeapi.co/api/v2/pokemon/10089/encounters
10090,beedrill-mega,False,https://pokeapi.co/api/v2/pokemon/10090/encounters
10091,rattata-alola,False,https://pokeapi.co/api/v2/pokemon/10091/encounters
10092,raticate-alola,False,https://pokeapi.co/api/v2/pokemon/10092/encounters
10093,raticate-totem-alola,False,https://pokeapi.co/api/v2/pokemon/10093/encounters
10094,pikachu-original-cap,False,https://pokeapi.co/api/v2/pokemon/10094/encounters
10095,pikachu-hoenn-cap,False,https://pokeapi.co/api/v2/pokemon/10095/encounters
10096,pikachu-sinnoh-cap,False,https://pokeapi.co/api/v2/pokemon/10096/encounters
10097,pikachu-unova-cap,False,https://pokeapi.co/api/v2/pokemon/10097/encounters
10098,pikachu-kalos-cap,False,https://pokeapi.co/api/v2/pokemon/10098/encounters
10099,pikachu-alola-cap,False,https://pokeapi.co/api/v2/pokemon/10099/encounters
10100,raichu-alola,False,https://pokeapi.co/api/v2/pokemon/10100/encounters
10101,sandshrew-alola,False,https://pokeapi.co/api/v2/pokemon/10101/encounters
10102,sandslash-alola,False,https://pokeapi.co/api/v2/pokemon/10102/encounters
10103,vulpix-alola,False,https://pokeapi.co/api/v2/pokemon/10103/encounters
10104,ninetales-alola,False,https://pokeapi.co/api/v2/pokemon/10104/encounters
10105,diglett-alola,False,https://pokeapi.co/api/v2/pokemon/10105/encounters
10106,dugtrio-alola,False,https://pokeapi.co/api/v2/pokemon/10106/encounters
10107,meowth-alola,False,https://pokeapi.co/api/v2/pokemon/10107/encounters
10108,persian-alola,False,https://pokeapi.co/api/v2/pokemon/10108/encounters
10109,geodude-alola,False,https://pokeapi.co/api/v2/pokemon/10109/encounters
10110,graveler-alola,False,https://pokeapi.co/api/v2/pokemon/10110/encounters
10111,golem-alola,False,https://pokeapi.co/api/v2/pokemon/10111/encounters
10112,grimer-alola,False,https://pokeapi.co/api/v2/pokemon/10112/encounters
10113,muk-alola,False,https://pokeapi.co/api/v2/pokemon/10113/encounters
10114,exeggutor-alola,False,https://pokeapi.co/api/v2/pokemon/10114/encounters
10115,marowak-alola,False,https://pokeapi.co/api/v2/pokemon/10115/encounters
10116,greninja-battle-bond,False,https://pokeapi.co/api/v2/pokemon/10116/encounters
10117,greninja-ash,False,https://pokeapi.co/api/v2/pokemon/10117/encounters
10118,zygarde-10-power-construct,False,https://pokeapi.co/api/v2/pokemon/10118/encounters
10119,zygarde-50-power-construct,False,https://pokeapi.co/api/v2/pokemon/10119/encounters
10120,zygarde-complete,False,https://pokeapi.co/api/v2/pokemon/10120/encounters
10121,gumshoos-totem,False,https://pokeapi.co/api/v2/pokemon/10121/encounters
10122,vikavolt-totem,False,https://pokeapi.co/api/v2/pokemon/10122/encounters
10123,oricorio-pom-pom,False,https://pokeapi.co/api/v2/pokemon/10123/encounters
10124,oricorio-pau,False,https://pokeapi.co/api/v2/pokemon/10124/encounters
10125,oricorio-sensu,False,https://pokeapi.co/api/v2/pokemon/10125/encounters
10126,lycanroc-midnight,False,https://pokeapi.co/api/v2/pokemon/10126/encounters
10127,wishiwashi-school,False,https://pokeapi.co/api/v2/pokemon/10127/encounters
10128,lurantis-totem,False,https://pokeapi.co/api/v2/pokemon/10128/encounters
10129,salazzle-totem,False,https://pokeapi.co/api/v2/pokemon/10129/encounters
10130,minior-orange-meteor,False,https://pokeapi.co/api/v2/pokemon/10130/encounters
10131,minior-yellow-meteor,False,https://pokeapi.co/api/v2/pokemon/10131/encounters
10132,minior-green-meteor,False,https://pokeapi.co/api/v2/pokemon/10132/encounters
10133,minior-blue-meteor,False,https://pokeapi.co/api/v2/pokemon/10133/encounters
10134,minior-indigo-meteor,False,https://pokeapi.co/api/v2/pokemon/10134/encounters
10135,minior-violet-meteor,False,https://pokeapi.co/api/v2/pokemon/10135/encounters
10136,minior-red,False,https://pokeapi.co/api/v2/pokemon/10136/encounters
10137,minior-orange,False,https://pokeapi.co/api/v2/pokemon/10137/encounters
10138,minior-yellow,False,https://pokeapi.co/api/v2/pokemon/10138/encounters
10139,minior-green,False,https://pokeapi.co/api/v2/pokemon/10139/encounters
10140,minior-blue,False,https://pokeapi.co/api/v2/pokemon/10140/encounters
10141,minior-indigo,False,https://pokeapi.co/api/v2/pokemon/10141/encounters
10142,minior-violet,False,https://pokeapi.co/api/v2/pokemon/10142/encounters
10143,mimikyu-busted,False,https://pokeapi.co/api/v2/pokemon/10143/encounters
10144,mimikyu-totem-disguised,False,https://pokeapi.co/api/v2/pokemon/10144/encounters
10145,mimikyu-totem-busted,False,https://pokeapi.co/api/v2/pokemon/10145/encounters
10146,kommo-o-totem,False,https://pokeapi.co/api/v2/pokemon/10146/encounters
10147,magearna-original,False,https://pokeapi.co/api/v2/pokemon/10147/encounters
10148,pikachu-partner-cap,False,https://pokeapi.co/api/v2/pokemon/10148/encounters
10149,marowak-totem,False,https://pokeapi.co/api/v2/pokemon/10149/encounters
10150,ribombee-totem,False,https://pokeapi.co/api/v2/pokemon/10150/encounters
10151,rockruff-own-tempo,False,https://pokeapi.co/api/v2/pokemon/10151/encounters
10152,lycanroc-dusk,False,https://pokeapi.co/api/v2/pokemon/10152/encounters
10153,araquanid-totem,False,https://pokeapi.co/api/v2/pokemon/10153/encounters
10154,togedemaru-totem,False,https://pokeapi.co/api/v2/pokemon/10154/encounters
10155,necrozma-dusk,False,https://pokeapi.co/api/v2/pokemon/10155/encounters
10156,necrozma-dawn,False,https://pokeapi.co/api/v2/pokemon/10156/encounters
10157,necrozma-ultra,False,https://pokeapi.co/api/v2/pokemon/10157/encounters
10158,pikachu-starter,False,https://pokeapi.co/api/v2/pokemon/10158/encounters
10159,eevee-starter,False,https://pokeapi.co/api/v2/pokemon/10159/encounters
10160,pikachu-world-cap,False,https://pokeapi.co/api/v2/pokemon/10160/encounters
10161,meowth-galar,False,https://pokeapi.co/api/v2/pokemon/10161/encounters
10162,ponyta-galar,False,https://pokeapi.co/api/v2/pokemon/10162/encounters
10163,rapidash-galar,False,https://pokeapi.co/api/v2/pokemon/10163/encounters
10164,slowpoke-galar,False,https://pokeapi.co/api/v2/pokemon/10164/encounters
10165,slowbro-galar,False,https://pokeapi.co/api/v2/pokemon/10165/encounters
10166,farfetchd-galar,False,https://pokeapi.co/api/v2/pokemon/10166/encounters
10167,weezing-galar,False,https://pokeapi.co/api/v2/pokemon/10167/encounters
10168,mr-mime-galar,False,https://pokeapi.co/api/v2/pokemon/10168/encounters
10169,articuno-galar,False,https://pokeapi.co/api/v2/pokemon/10169/encounters
10170,zapdos-galar,False,https://pokeapi.co/api/v2/pokemon/10170/encounters
10171,moltres-galar,False,https://pokeapi.co/api/v2/pokemon/10171/encounters
10172,slowking-galar,False,https://pokeapi.co/api/v2/pokemon/10172/encounters
10173,corsola-galar,False,https://pokeapi.co/api/v2/pokemon/10173/encounters
10174,zigzagoon-galar,False,https://pokeapi.co/api/v2/pokemon/10174/encounters
10175,linoone-galar,False,https://pokeapi.co/api/v2/pokemon/10175/encounters
10176,darumaka-galar,False,https://pokeapi.co/api/v2/pokemon/10176/encounters
10177,darmanitan-galar-standard,False,https://pokeapi.co/api/v2/pokemon/10177/encounters
10178,darmanitan-galar-zen,False,https://pokeapi.co/api/v2/pokemon/10178/encounters
10179,yamask-galar,False,https://pokeapi.co/api/v2/pokemon/10179/encounters
10180,stunfisk-galar,False,https://pokeapi.co/api/v2/pokemon/10180/encounters
10181,zygarde-10,False,https://pokeapi.co/api/v2/pokemon/10181/encounters
10182,cramorant-gulping,False,https://pokeapi.co/api/v2/pokemon/10182/encounters
10183,cramorant-gorging,False,https://pokeapi.co/api/v2/pokemon/10183/encounters
10184,toxtricity-low-key,False,https://pokeapi.co/api/v2/pokemon/10184/encounters
10185,eiscue-noice,False,https://pokeapi.co/api/v2/pokemon/10185/encounters
10186,indeedee-female,False,https://pokeapi.co/api/v2/pokemon/10186/encounters
10187,morpeko-hangry,False,https://pokeapi.co/api/v2/pokemon/10187/encounters
10188,zacian-crowned,False,https://pokeapi.co/api/v2/pokemon/10188/encounters
10189,zamazenta-crowned,False,https://pokeapi.co/api/v2/pokemon/10189/encounters
10190,eternatus-eternamax,False,https://pokeapi.co/api/v2/pokemon/10190/encounters
10191,urshifu-rapid-strike,False,https://pokeapi.co/api/v2/pokemon/10191/encounters
10192,zarude-dada,False,https://pokeapi.co/api/v2/pokemon/10192/encounters
10193,calyrex-ice,False,https://pokeapi.co/api/v2/pokemon/10193/encounters
10194,calyrex-shadow,False,https://pokeapi.co/api/v2/pokemon/10194/encounters
10195,venusaur-gmax,False,https://pokeapi.co/api/v2/pokemon/10195/encounters
10196,charizard-gmax,False,https://pokeapi.co/api/v2/pokemon/10196/encounters
10197,blastoise-gmax,False,https://pokeapi.co/api/v2/pokemon/10197/encounters
10198,butterfree-gmax,False,https://pokeapi.co/api/v2/pokemon/10198/encounters
10199,pikachu-gmax,False,https://pokeapi.co/api/v2/pokemon/10199/encounters
10200,meowth-gmax,False,https://pokeapi.co/api/v2/pokemon/10200/encounters
10201,machamp-gmax,False,https://pokeapi.co/api/v2/pokemon/10201/encounters
10202,gengar-gmax,False,https://pokeapi.co/api/v2/pokemon/10202/encounters
10203,kingler-gmax,False,https://pokeapi.co/api/v2/pokemon/10203/encounters
10204,lapras-gmax,False,https://pokeapi.co/api/v2/pokemon/10204/encounters
10205,eevee-gmax,False,https://pokeapi.co/api/v2/pokemon/10205/encounters
10206,snorlax-gmax,False,https://pokeapi.co/api/v2/pokemon/10206/encounters
10207,garbodor-gmax,False,https://pokeapi.co/api/v2/pokemon/10207/encounters
10208,melmetal-gmax,False,https://pokeapi.co/api/v2/pokemon/10208/encounters
10209,rillaboom-gmax,False,https://pokeapi.co/api/v2/pokemon/10209/encounters
10210,cinderace-gmax,False,https://pokeapi.co/api/v2/pokemon/10210/encounters
10211,inteleon-gmax,False,https://pokeapi.co/api/v2/pokemon/10211/encounters
10212,corviknight-gmax,False,https://pokeapi.co/api/v2/pokemon/10212/encounters
10213,orbeetle-gmax,False,https://pokeapi.co/api/v2/pokemon/10213/encounters
10214,drednaw-gmax,False,https://pokeapi.co/api/v2/pokemon/10214/encounters
10215,coalossal-gmax,False,https://pokeapi.co/api/v2/pokemon/10215/encounters
10216,flapple-gmax,False,https://pokeapi.co/api/v2/pokemon/10216/encounters
10217,appletun-gmax,False,https://pokeapi.co/api/v2/pokemon/10217/encounters
10218,sandaconda-gmax,False,https://pokeapi.co/api/v2/pokemon/10218/encounters
10219,toxtricity-amped-gmax,False,https://pokeapi.co/api/v2/pokemon/10219/encounters
10220,centiskorch-gmax,False,https://pokeapi.co/api/v2/pokemon/10220/encounters
10221,hatterene-gmax,False,https://pokeapi.co/api/v2/pokemon/10221/encounters
10222,grimmsnarl-gmax,False,https://pokeapi.co/api/v2/pokemon/10222/encounters
10223,alcremie-gmax,False,https://pokeapi.co/api/v2/pokemon/10223/encounters
10224,copperajah-gmax,False,https://pokeapi.co/api/v2/pokemon/10224/encounters
10225,duraludon-gmax,False,https://pokeapi.co/api/v2/pokemon/10225/encounters
10226,urshifu-single-strike-gmax,False,https://pokeapi.co/api/v2/pokemon/10226/encounters
10227,urshifu-rapid-strike-gmax,False,https://pokeapi.co/api/v2/pokemon/10227/encounters
10228,toxtricity-low-key-gmax,False,https://pokeapi.co/api/v2/pokemon/10228/encounters
10229,growlithe-hisui,False,https://pokeapi.co/api/v2/pokemon/10229/encounters
10230,arcanine-hisui,False,https://pokeapi.co/api/v2/pokemon/10230/encounters
10231,voltorb-hisui,False,https://pokeapi.co/api/v2/pokemon/10231/encounters
10232,electrode-hisui,False,https://pokeapi.co/api/v2/pokemon/10232/encounters
10233,typhlosion-hisui,False,https://pokeapi.co/api/v2/pokemon/10233/encounters
10234,qwilfish-hisui,False,https://pokeapi.co/api/v2/pokemon/10234/encounters
10235,sneasel-hisui,False,https://pokeapi.co/api/v2/pokemon/10235/encounters
10236,samurott-hisui,False,https://pokeapi.co/api/v2/pokemon/10236/encounters
10237,lilligant-hisui,False,https://pokeapi.co/api/v2/pokemon/10237/encounters
10238,zorua-hisui,False,https://pokeapi.co/api/v2/pokemon/10238/encounters
10239,zoroark-hisui,False,https://pokeapi.co/api/v2/pokemon/10239/encounters
10240,braviary-hisui,False,https://pokeapi.co/api/v2/pokemon/10240/encounters
10241,sliggoo-hisui,False,https://pokeapi.co/api/v2/pokemon/10241/encounters
10242,goodra-hisui,False,https://pokeapi.co/api/v2/pokemon/10242/encounters
10243,avalugg-hisui,False,https://pokeapi.co/api/v2/pokemon/10243/encounters
10244,decidueye-hisui,False,https://pokeapi.co/api/v2/pokemon/10244/encounters
10245,dialga-origin,False,https://pokeapi.co/api/v2/pokemon/10245/encounters
10246,palkia-origin,False,https://pokeapi.co/api/v2/pokemon/10246/encounters
10247,basculin-white-striped,False,https://pokeapi.co/api/v2/pokemon/10247/encounters
10248,basculegion-female,False,https://pokeapi.co/api/v2/pokemon/10248/encounters
10249,enamorus-therian,False,https://pokeapi.co/api/v2/pokemon/10249/encounters
10250,tauros-paldea-combat-breed,False,https://pokeapi.co/api/v2/pokemon/10250/encounters
10251,tauros-paldea-blaze-breed,False,https://pokeapi.co/api/v2/pokemon/10251/encounters
10252,tauros-paldea-aqua-breed,False,https://pokeapi.co/api/v2/pokemon/10252/encounters
10253,wooper-paldea,False,https://pokeapi.co/api/v2/pokemon/10253/encounters
10254,oinkologne-female,False,https://pokeapi.co/api/v2/pokemon/10254/encounters
10255,dudunsparce-three-segment,False,https://pokeapi.co/api/v2/pokemon/10255/encounters
10256,palafin-hero,False,https://pokeapi.co/api/v2/pokemon/10256/encounters
10257,maushold-family-of-three,False,https://pokeapi.co/api/v2/pokemon/10257/encounters
10258,tatsugiri-droopy,False,https://pokeapi.co/api/v2/pokemon/10258/encounters
10259,tatsugiri-stretchy,False,https://pokeapi.co/api/v2/pokemon/10259/encounters
10260,squawkabilly-blue-plumage,False,https://pokeapi.co/api/v2/pokemon/10260/encounters
10261,squawkabilly-yellow-plumage,False,https://pokeapi.co/api/v2/pokemon/10261/encounters
10262,squawkabilly-white-plumage,False,https://pokeapi.co/api/v2/pokemon/10262/encounters
10263,gimmighoul-roaming,False,https://pokeapi.co/api/v2/pokemon/10263/encounters
10264,koraidon-limited-build,False,https://pokeapi.co/api/v2/pokemon/10264/encounters
10265,koraidon-sprinting-build,False,https://pokeapi.co/api/v2/pokemon/10265/encounters
10266,koraidon-swimming-build,False,https://pokeapi.co/api/v2/pokemon/10266/encounters
10267,koraidon-gliding-build,False,https://pokeapi.co/api/v2/pokemon/10267/encounters
10268,miraidon-low-power-mode,False,https://pokeapi.co/api/v2/pokemon/10268/encounters
10269,miraidon-drive-mode,False,https://pokeapi.co/api/v2/pokemon/10269/encounters
10270,miraidon-aquatic-mode,False,https://pokeapi.co/api/v2/pokemon/10270/encounters
10271,miraidon-glide-mode,False,https://pokeapi.co/api/v2/pokemon/10271/encounters
10272,ursaluna-bloodmoon,False,https://pokeapi.co/api/v2/pokemon/10272/encounters
10273,ogerpon-wellspring-mask,False,https://pokeapi.co/api/v2/pokemon/10273/encounters
10274,ogerpon-hearthflame-mask,False,https://pokeapi.co/api/v2/pokemon/10274/encounters
10275,ogerpon-cornerstone-mask,False,https://pokeapi.co/api/v2/pokemon/10275/encounters
10276,terapagos-terastal,False,https://pokeapi.co/api/v2/pokemon/10276/encounters
10277,terapagos-stellar,False,https://pokeapi.co/api/v2/pokemon/10277/encounters
